{
"meta":{"test_sets":[],"test_metrics":[],"learn_metrics":[{"best_value":"Min","name":"RMSE"}],"launch_mode":"Train","parameters":"","iteration_count":1000,"learn_sets":["learn"],"name":"experiment"},
"iterations":[
{"learn":[2003955.147],"iteration":0,"passed_time":0.004070898337,"remaining_time":4.066827439},
{"learn":[1895459.287],"iteration":1,"passed_time":0.008130679518,"remaining_time":4.057209079},
{"learn":[1797379.302],"iteration":2,"passed_time":0.01207239658,"remaining_time":4.012059796},
{"learn":[1707930.947],"iteration":3,"passed_time":0.01652430649,"remaining_time":4.114552315},
{"learn":[1625300.916],"iteration":4,"passed_time":0.02113220249,"remaining_time":4.205308296},
{"learn":[1549132.545],"iteration":5,"passed_time":0.02784635242,"remaining_time":4.613212384},
{"learn":[1476263.088],"iteration":6,"passed_time":0.0338520768,"remaining_time":4.802158894},
{"learn":[1411174.453],"iteration":7,"passed_time":0.03811529681,"remaining_time":4.726296805},
{"learn":[1349681.704],"iteration":8,"passed_time":0.0425174142,"remaining_time":4.681639719},
{"learn":[1293717.481],"iteration":9,"passed_time":0.04685502659,"remaining_time":4.638647633},
{"learn":[1240802.59],"iteration":10,"passed_time":0.05044652665,"remaining_time":4.53560135},
{"learn":[1193518.104],"iteration":11,"passed_time":0.05435886091,"remaining_time":4.475546215},
{"learn":[1149106.225],"iteration":12,"passed_time":0.0583708334,"remaining_time":4.431693274},
{"learn":[1107592.179],"iteration":13,"passed_time":0.06212509737,"remaining_time":4.375381857},
{"learn":[1069881.122],"iteration":14,"passed_time":0.06608200028,"remaining_time":4.339384685},
{"learn":[1036041.181],"iteration":15,"passed_time":0.07007755179,"remaining_time":4.309769435},
{"learn":[1005860.835],"iteration":16,"passed_time":0.07405840889,"remaining_time":4.282318585},
{"learn":[977560.7464],"iteration":17,"passed_time":0.07794482219,"remaining_time":4.252323077},
{"learn":[951435.274],"iteration":18,"passed_time":0.08177968797,"remaining_time":4.222414415},
{"learn":[926306.0068],"iteration":19,"passed_time":0.08536324065,"remaining_time":4.182798792},
{"learn":[904913.6827],"iteration":20,"passed_time":0.0893420905,"remaining_time":4.165043171},
{"learn":[885791.5956],"iteration":21,"passed_time":0.09321806141,"remaining_time":4.143966548},
{"learn":[868430.2562],"iteration":22,"passed_time":0.09739095617,"remaining_time":4.136998442},
{"learn":[852217.6109],"iteration":23,"passed_time":0.1016645701,"remaining_time":4.134359182},
{"learn":[836638.9398],"iteration":24,"passed_time":0.1055710167,"remaining_time":4.117269652},
{"learn":[823784.8277],"iteration":25,"passed_time":0.1097560791,"remaining_time":4.111631578},
{"learn":[811852.9038],"iteration":26,"passed_time":0.1138767857,"remaining_time":4.103781943},
{"learn":[800658.377],"iteration":27,"passed_time":0.1175919467,"remaining_time":4.082120436},
{"learn":[790562.1461],"iteration":28,"passed_time":0.1207183709,"remaining_time":4.041984074},
{"learn":[781742.5535],"iteration":29,"passed_time":0.1245583438,"remaining_time":4.027386449},
{"learn":[773141.3477],"iteration":30,"passed_time":0.128312485,"remaining_time":4.010799934},
{"learn":[765416.1562],"iteration":31,"passed_time":0.1320933239,"remaining_time":3.995823049},
{"learn":[758637.4841],"iteration":32,"passed_time":0.1360468015,"remaining_time":3.986583546},
{"learn":[751925.1349],"iteration":33,"passed_time":0.1398808466,"remaining_time":3.974261701},
{"learn":[745690.85],"iteration":34,"passed_time":0.1442035762,"remaining_time":3.975898602},
{"learn":[740089.2171],"iteration":35,"passed_time":0.1481007163,"remaining_time":3.96580807},
{"learn":[734703.4161],"iteration":36,"passed_time":0.1521945107,"remaining_time":3.961170642},
{"learn":[729719.2405],"iteration":37,"passed_time":0.1563869654,"remaining_time":3.959059493},
{"learn":[725446.7951],"iteration":38,"passed_time":0.1607516904,"remaining_time":3.961086525},
{"learn":[721257.934],"iteration":39,"passed_time":0.1653274958,"remaining_time":3.9678599},
{"learn":[717610.6633],"iteration":40,"passed_time":0.1692733124,"remaining_time":3.959344062},
{"learn":[714612.829],"iteration":41,"passed_time":0.1736695953,"remaining_time":3.96132077},
{"learn":[711249.5216],"iteration":42,"passed_time":0.1784476219,"remaining_time":3.971497073},
{"learn":[708700.3176],"iteration":43,"passed_time":0.1828274842,"remaining_time":3.972342611},
{"learn":[705335.4746],"iteration":44,"passed_time":0.1875717889,"remaining_time":3.980690187},
{"learn":[702753.8102],"iteration":45,"passed_time":0.1919911058,"remaining_time":3.981728585},
{"learn":[699889.5898],"iteration":46,"passed_time":0.1963963073,"remaining_time":3.982248529},
{"learn":[698100.6088],"iteration":47,"passed_time":0.2007156678,"remaining_time":3.980860744},
{"learn":[695598.9637],"iteration":48,"passed_time":0.2050017935,"remaining_time":3.978708278},
{"learn":[693128.95],"iteration":49,"passed_time":0.2090508931,"remaining_time":3.971966969},
{"learn":[691267.3323],"iteration":50,"passed_time":0.2131474923,"remaining_time":3.966215101},
{"learn":[689096.233],"iteration":51,"passed_time":0.2174136372,"remaining_time":3.963617847},
{"learn":[687514.9838],"iteration":52,"passed_time":0.2212848375,"remaining_time":3.953900776},
{"learn":[686042.3068],"iteration":53,"passed_time":0.2256748519,"remaining_time":3.953489072},
{"learn":[683865.7892],"iteration":54,"passed_time":0.2299357692,"remaining_time":3.950714581},
{"learn":[682468.3884],"iteration":55,"passed_time":0.2341810026,"remaining_time":3.947622616},
{"learn":[681204.2348],"iteration":56,"passed_time":0.2391313288,"remaining_time":3.956155142},
{"learn":[679332.66],"iteration":57,"passed_time":0.2430668167,"remaining_time":3.947740368},
{"learn":[678179.5234],"iteration":58,"passed_time":0.2470685693,"remaining_time":3.9405343},
{"learn":[676859.2578],"iteration":59,"passed_time":0.2511581966,"remaining_time":3.934811747},
{"learn":[674906.1242],"iteration":60,"passed_time":0.2550778574,"remaining_time":3.926526362},
{"learn":[673490.8927],"iteration":61,"passed_time":0.2591229445,"remaining_time":3.920279386},
{"learn":[671561.377],"iteration":62,"passed_time":0.2632962935,"remaining_time":3.916009953},
{"learn":[670371.2923],"iteration":63,"passed_time":0.2673217337,"remaining_time":3.909580355},
{"learn":[669163.6545],"iteration":64,"passed_time":0.2715088458,"remaining_time":3.90555032},
{"learn":[667502.2096],"iteration":65,"passed_time":0.2757972678,"remaining_time":3.902949214},
{"learn":[666321.74],"iteration":66,"passed_time":0.2803597384,"remaining_time":3.904113969},
{"learn":[665058.2574],"iteration":67,"passed_time":0.2852637266,"remaining_time":3.909791076},
{"learn":[663873.5462],"iteration":68,"passed_time":0.2897831008,"remaining_time":3.909971984},
{"learn":[662654.5083],"iteration":69,"passed_time":0.2940842074,"remaining_time":3.907118755},
{"learn":[661647.4096],"iteration":70,"passed_time":0.2988346978,"remaining_time":3.910104707},
{"learn":[660625.3939],"iteration":71,"passed_time":0.3033909258,"remaining_time":3.910371933},
{"learn":[659480.2785],"iteration":72,"passed_time":0.3079127335,"remaining_time":3.910069918},
{"learn":[658503.1999],"iteration":73,"passed_time":0.3120226421,"remaining_time":3.904499549},
{"learn":[657425.1556],"iteration":74,"passed_time":0.3169605441,"remaining_time":3.909180044},
{"learn":[656660.8037],"iteration":75,"passed_time":0.3220674037,"remaining_time":3.915661593},
{"learn":[655750.4229],"iteration":76,"passed_time":0.3265665349,"remaining_time":3.914557295},
{"learn":[654908.3201],"iteration":77,"passed_time":0.331056531,"remaining_time":3.913257969},
{"learn":[653951.9191],"iteration":78,"passed_time":0.3356028185,"remaining_time":3.912534125},
{"learn":[653305.0857],"iteration":79,"passed_time":0.3402302256,"remaining_time":3.912647595},
{"learn":[652482.9608],"iteration":80,"passed_time":0.3453626423,"remaining_time":3.918373682},
{"learn":[651530.8247],"iteration":81,"passed_time":0.3495002616,"remaining_time":3.912698051},
{"learn":[650749.4761],"iteration":82,"passed_time":0.3539382633,"remaining_time":3.910378162},
{"learn":[649900.5865],"iteration":83,"passed_time":0.3580883864,"remaining_time":3.904868595},
{"learn":[649141.3257],"iteration":84,"passed_time":0.3623375447,"remaining_time":3.900457098},
{"learn":[647599.7614],"iteration":85,"passed_time":0.3665829386,"remaining_time":3.896009371},
{"learn":[646603.5825],"iteration":86,"passed_time":0.3710989795,"remaining_time":3.894406532},
{"learn":[645834.0518],"iteration":87,"passed_time":0.3755887187,"remaining_time":3.892464903},
{"learn":[645102.3081],"iteration":88,"passed_time":0.3799947844,"remaining_time":3.889609534},
{"learn":[644118.5942],"iteration":89,"passed_time":0.3846025747,"remaining_time":3.888759366},
{"learn":[642468.0484],"iteration":90,"passed_time":0.3890483571,"remaining_time":3.886208314},
{"learn":[641154.3187],"iteration":91,"passed_time":0.3938260069,"remaining_time":3.88689146},
{"learn":[640365.9663],"iteration":92,"passed_time":0.3988340556,"remaining_time":3.889704177},
{"learn":[639594.4546],"iteration":93,"passed_time":0.4026253975,"remaining_time":3.880623512},
{"learn":[638616.2124],"iteration":94,"passed_time":0.4075943283,"remaining_time":3.882872285},
{"learn":[637777.723],"iteration":95,"passed_time":0.4116546069,"remaining_time":3.876414215},
{"learn":[637049.0222],"iteration":96,"passed_time":0.4164647187,"remaining_time":3.876985989},
{"learn":[636331.304],"iteration":97,"passed_time":0.4213103066,"remaining_time":3.877774455},
{"learn":[634719.1198],"iteration":98,"passed_time":0.4256811383,"remaining_time":3.87412834},
{"learn":[634299.2357],"iteration":99,"passed_time":0.430587681,"remaining_time":3.875289129},
{"learn":[633804.9381],"iteration":100,"passed_time":0.435246865,"remaining_time":3.874128036},
{"learn":[632822.7084],"iteration":101,"passed_time":0.4389925647,"remaining_time":3.864856109},
{"learn":[632021.6401],"iteration":102,"passed_time":0.4431761413,"remaining_time":3.859504843},
{"learn":[631359.3056],"iteration":103,"passed_time":0.4476443451,"remaining_time":3.856628204},
{"learn":[630413.4371],"iteration":104,"passed_time":0.4522138688,"remaining_time":3.854584882},
{"learn":[629898.0955],"iteration":105,"passed_time":0.4564427318,"remaining_time":3.849620775},
{"learn":[628716.1991],"iteration":106,"passed_time":0.460919282,"remaining_time":3.846737559},
{"learn":[628117.9789],"iteration":107,"passed_time":0.4654843299,"remaining_time":3.844555762},
{"learn":[627430.3232],"iteration":108,"passed_time":0.4699085732,"remaining_time":3.841179254},
{"learn":[626333.236],"iteration":109,"passed_time":0.4743200825,"remaining_time":3.837680668},
{"learn":[625657.0154],"iteration":110,"passed_time":0.479240019,"remaining_time":3.838237629},
{"learn":[625187.1966],"iteration":111,"passed_time":0.484036646,"remaining_time":3.837719122},
{"learn":[624615.2424],"iteration":112,"passed_time":0.4889618093,"remaining_time":3.838133849},
{"learn":[624332.8896],"iteration":113,"passed_time":0.4936313868,"remaining_time":3.836468497},
{"learn":[623317.2429],"iteration":114,"passed_time":0.4986876169,"remaining_time":3.837726443},
{"learn":[622974.9375],"iteration":115,"passed_time":0.5031996975,"remaining_time":3.834728729},
{"learn":[622200.784],"iteration":116,"passed_time":0.5070579838,"remaining_time":3.826770938},
{"learn":[621221.7784],"iteration":117,"passed_time":0.5111531391,"remaining_time":3.820653125},
{"learn":[620643.2049],"iteration":118,"passed_time":0.5156028457,"remaining_time":3.817194177},
{"learn":[620143.8331],"iteration":119,"passed_time":0.5196566945,"remaining_time":3.81081576},
{"learn":[619440.7926],"iteration":120,"passed_time":0.5236999316,"remaining_time":3.804398677},
{"learn":[618951.5627],"iteration":121,"passed_time":0.5279099866,"remaining_time":3.799221051},
{"learn":[618556.6857],"iteration":122,"passed_time":0.5325194315,"remaining_time":3.796906841},
{"learn":[617532.3482],"iteration":123,"passed_time":0.5374671122,"remaining_time":3.796945083},
{"learn":[616907.5805],"iteration":124,"passed_time":0.5420785724,"remaining_time":3.794550007},
{"learn":[616280.927],"iteration":125,"passed_time":0.5465276494,"remaining_time":3.790993378},
{"learn":[615609.8094],"iteration":126,"passed_time":0.551391255,"remaining_time":3.79027217},
{"learn":[614857.1384],"iteration":127,"passed_time":0.5565418463,"remaining_time":3.791441328},
{"learn":[613942.7443],"iteration":128,"passed_time":0.5607539202,"remaining_time":3.786175694},
{"learn":[612416.3763],"iteration":129,"passed_time":0.5650864054,"remaining_time":3.781732098},
{"learn":[611944.2848],"iteration":130,"passed_time":0.5691559261,"remaining_time":3.7755458},
{"learn":[611386.6155],"iteration":131,"passed_time":0.5729020239,"remaining_time":3.767264824},
{"learn":[611189.5391],"iteration":132,"passed_time":0.5771411693,"remaining_time":3.762266119},
{"learn":[610635.7276],"iteration":133,"passed_time":0.5810837609,"remaining_time":3.755362216},
{"learn":[610121.1627],"iteration":134,"passed_time":0.5856551503,"remaining_time":3.752531149},
{"learn":[609549.8845],"iteration":135,"passed_time":0.5898319111,"remaining_time":3.747167435},
{"learn":[608765.5101],"iteration":136,"passed_time":0.5938787669,"remaining_time":3.741002743},
{"learn":[607895.5251],"iteration":137,"passed_time":0.5984994364,"remaining_time":3.738453001},
{"learn":[607455.8616],"iteration":138,"passed_time":0.6031821359,"remaining_time":3.736257691},
{"learn":[606711.9925],"iteration":139,"passed_time":0.6071656175,"remaining_time":3.72973165},
{"learn":[606010.0438],"iteration":140,"passed_time":0.6118947384,"remaining_time":3.727784257},
{"learn":[605240.2843],"iteration":141,"passed_time":0.6159257968,"remaining_time":3.721579814},
{"learn":[604015.2679],"iteration":142,"passed_time":0.6202504049,"remaining_time":3.717165014},
{"learn":[603331.9928],"iteration":143,"passed_time":0.6241267197,"remaining_time":3.710086612},
{"learn":[602923.6059],"iteration":144,"passed_time":0.6280332035,"remaining_time":3.703230269},
{"learn":[602239.4107],"iteration":145,"passed_time":0.632674632,"remaining_time":3.700713258},
{"learn":[601841.1061],"iteration":146,"passed_time":0.6366425758,"remaining_time":3.6942593},
{"learn":[601069.7365],"iteration":147,"passed_time":0.6406372782,"remaining_time":3.68799298},
{"learn":[600325.0902],"iteration":148,"passed_time":0.6448302358,"remaining_time":3.682889467},
{"learn":[600134.3034],"iteration":149,"passed_time":0.6493479139,"remaining_time":3.679638179},
{"learn":[599575.3659],"iteration":150,"passed_time":0.6535606536,"remaining_time":3.674655595},
{"learn":[598920.3262],"iteration":151,"passed_time":0.6574954958,"remaining_time":3.668132766},
{"learn":[598460.6085],"iteration":152,"passed_time":0.6621926241,"remaining_time":3.665863743},
{"learn":[597922.0664],"iteration":153,"passed_time":0.6672698882,"remaining_time":3.665651464},
{"learn":[597210.177],"iteration":154,"passed_time":0.6716763596,"remaining_time":3.661719509},
{"learn":[596957.3405],"iteration":155,"passed_time":0.6762773711,"remaining_time":3.658833982},
{"learn":[596189.3179],"iteration":156,"passed_time":0.6801549204,"remaining_time":3.652042025},
{"learn":[595853.0768],"iteration":157,"passed_time":0.6834965271,"remaining_time":3.64243086},
{"learn":[595320.3847],"iteration":158,"passed_time":0.6870200282,"remaining_time":3.633860652},
{"learn":[594430.505],"iteration":159,"passed_time":0.6913155854,"remaining_time":3.629406823},
{"learn":[593975.3278],"iteration":160,"passed_time":0.6953237719,"remaining_time":3.62345742},
{"learn":[593678.867],"iteration":161,"passed_time":0.6992102929,"remaining_time":3.616902626},
{"learn":[593056.7804],"iteration":162,"passed_time":0.7038870075,"remaining_time":3.614438192},
{"learn":[592479.2661],"iteration":163,"passed_time":0.7080329362,"remaining_time":3.609241065},
{"learn":[591275.4025],"iteration":164,"passed_time":0.7129155404,"remaining_time":3.607784705},
{"learn":[590696.9255],"iteration":165,"passed_time":0.7172384731,"remaining_time":3.60347522},
{"learn":[589784.2763],"iteration":166,"passed_time":0.7217885162,"remaining_time":3.600298407},
{"learn":[589419.5865],"iteration":167,"passed_time":0.7256202222,"remaining_time":3.593547767},
{"learn":[588374.3842],"iteration":168,"passed_time":0.7295419828,"remaining_time":3.587274484},
{"learn":[587856.3944],"iteration":169,"passed_time":0.7334039344,"remaining_time":3.580736856},
{"learn":[586892.6146],"iteration":170,"passed_time":0.7376424305,"remaining_time":3.576055993},
{"learn":[585852.527],"iteration":171,"passed_time":0.7421610042,"remaining_time":3.572728555},
{"learn":[585519.1824],"iteration":172,"passed_time":0.7465637472,"remaining_time":3.568833635},
{"learn":[585205.2553],"iteration":173,"passed_time":0.7514514291,"remaining_time":3.567234945},
{"learn":[584239.8798],"iteration":174,"passed_time":0.7568423494,"remaining_time":3.567971076},
{"learn":[583625.2212],"iteration":175,"passed_time":0.7614156391,"remaining_time":3.564809583},
{"learn":[582770.0403],"iteration":176,"passed_time":0.7656027031,"remaining_time":3.559836297},
{"learn":[581658.1555],"iteration":177,"passed_time":0.7701215641,"remaining_time":3.556404077},
{"learn":[581126.7729],"iteration":178,"passed_time":0.7753391092,"remaining_time":3.556164294},
{"learn":[580608.103],"iteration":179,"passed_time":0.7841125799,"remaining_time":3.572068419},
{"learn":[580134.4156],"iteration":180,"passed_time":0.7890406413,"remaining_time":3.570299919},
{"learn":[579410.2104],"iteration":181,"passed_time":0.7925368736,"remaining_time":3.562061333},
{"learn":[579147.8589],"iteration":182,"passed_time":0.7958967259,"remaining_time":3.553265711},
{"learn":[578678.3941],"iteration":183,"passed_time":0.7996537991,"remaining_time":3.546290761},
{"learn":[577848.4763],"iteration":184,"passed_time":0.8042999439,"remaining_time":3.54326732},
{"learn":[577174.0681],"iteration":185,"passed_time":0.8101254547,"remaining_time":3.545387742},
{"learn":[576892.4532],"iteration":186,"passed_time":0.8166198341,"remaining_time":3.55033115},
{"learn":[576467.8189],"iteration":187,"passed_time":0.8234529193,"remaining_time":3.5566158},
{"learn":[575603.9462],"iteration":188,"passed_time":0.8285050569,"remaining_time":3.555119583},
{"learn":[575267.2045],"iteration":189,"passed_time":0.8339457072,"remaining_time":3.555242225},
{"learn":[574582.1755],"iteration":190,"passed_time":0.8386206775,"remaining_time":3.552063498},
{"learn":[574125.6598],"iteration":191,"passed_time":0.843696501,"remaining_time":3.550556108},
{"learn":[573555.8825],"iteration":192,"passed_time":0.8479332685,"remaining_time":3.545503356},
{"learn":[572967.162],"iteration":193,"passed_time":0.8531000345,"remaining_time":3.544322824},
{"learn":[572073.8644],"iteration":194,"passed_time":0.8578024767,"remaining_time":3.541184583},
{"learn":[571373.827],"iteration":195,"passed_time":0.8628401939,"remaining_time":3.539405693},
{"learn":[570755.3773],"iteration":196,"passed_time":0.8678239408,"remaining_time":3.537373728},
{"learn":[570241.5142],"iteration":197,"passed_time":0.8722237552,"remaining_time":3.532946726},
{"learn":[569588.4288],"iteration":198,"passed_time":0.8777517199,"remaining_time":3.533060943},
{"learn":[569115.6921],"iteration":199,"passed_time":0.8830013666,"remaining_time":3.532005467},
{"learn":[568906.1429],"iteration":200,"passed_time":0.8876930085,"remaining_time":3.528690118},
{"learn":[568460.5967],"iteration":201,"passed_time":0.8924598493,"remaining_time":3.525658216},
{"learn":[568042.5148],"iteration":202,"passed_time":0.8978550899,"remaining_time":3.525076387},
{"learn":[567238.6287],"iteration":203,"passed_time":0.9026398654,"remaining_time":3.522065357},
{"learn":[566801.8242],"iteration":204,"passed_time":0.9079346425,"remaining_time":3.521014833},
{"learn":[566389.6987],"iteration":205,"passed_time":0.9128682326,"remaining_time":3.518530955},
{"learn":[565656.371],"iteration":206,"passed_time":0.9182957528,"remaining_time":3.517915613},
{"learn":[564798.694],"iteration":207,"passed_time":0.9235853823,"remaining_time":3.516728956},
{"learn":[564070.7107],"iteration":208,"passed_time":0.9284313713,"remaining_time":3.513823994},
{"learn":[563553.0638],"iteration":209,"passed_time":0.9336275542,"remaining_time":3.512217942},
{"learn":[563145.0522],"iteration":210,"passed_time":0.9389294456,"remaining_time":3.51097314},
{"learn":[562683.3938],"iteration":211,"passed_time":0.9433080816,"remaining_time":3.506258341},
{"learn":[562215.6541],"iteration":212,"passed_time":0.9480332251,"remaining_time":3.502826987},
{"learn":[561597.1662],"iteration":213,"passed_time":0.9525034732,"remaining_time":3.498447336},
{"learn":[561104.2585],"iteration":214,"passed_time":0.9570459884,"remaining_time":3.494330702},
{"learn":[560750.3716],"iteration":215,"passed_time":0.9609392404,"remaining_time":3.487853539},
{"learn":[559819.3755],"iteration":216,"passed_time":0.965455669,"remaining_time":3.483648796},
{"learn":[559354.0588],"iteration":217,"passed_time":0.9697950719,"remaining_time":3.478806175},
{"learn":[558036.1886],"iteration":218,"passed_time":0.973969636,"remaining_time":3.4733803},
{"learn":[557702.3135],"iteration":219,"passed_time":0.9781755681,"remaining_time":3.468077014},
{"learn":[557302.0605],"iteration":220,"passed_time":0.9820775422,"remaining_time":3.461712242},
{"learn":[556859.39],"iteration":221,"passed_time":0.9867475305,"remaining_time":3.458061166},
{"learn":[556290.8844],"iteration":222,"passed_time":0.9914179738,"remaining_time":3.454402537},
{"learn":[555867.5862],"iteration":223,"passed_time":0.9960776361,"remaining_time":3.450697525},
{"learn":[555497.5867],"iteration":224,"passed_time":1.000932441,"remaining_time":3.447656184},
{"learn":[554290.8198],"iteration":225,"passed_time":1.005560938,"remaining_time":3.443823742},
{"learn":[553895.7167],"iteration":226,"passed_time":1.009449578,"remaining_time":3.437464864},
{"learn":[553618.6388],"iteration":227,"passed_time":1.014192587,"remaining_time":3.434020514},
{"learn":[553212.7851],"iteration":228,"passed_time":1.018910345,"remaining_time":3.430479809},
{"learn":[552836.0383],"iteration":229,"passed_time":1.022809992,"remaining_time":3.424189974},
{"learn":[552289.0886],"iteration":230,"passed_time":1.02739973,"remaining_time":3.420218149},
{"learn":[551788.5746],"iteration":231,"passed_time":1.032803488,"remaining_time":3.418935683},
{"learn":[551593.417],"iteration":232,"passed_time":1.036831319,"remaining_time":3.413088505},
{"learn":[551049.1872],"iteration":233,"passed_time":1.041625961,"remaining_time":3.409767036},
{"learn":[550559.8533],"iteration":234,"passed_time":1.046011144,"remaining_time":3.405100108},
{"learn":[550312.1924],"iteration":235,"passed_time":1.050133476,"remaining_time":3.399584644},
{"learn":[549685.9616],"iteration":236,"passed_time":1.054747221,"remaining_time":3.395662994},
{"learn":[549258.082],"iteration":237,"passed_time":1.059240978,"remaining_time":3.391351367},
{"learn":[548873.7193],"iteration":238,"passed_time":1.063461332,"remaining_time":3.386167671},
{"learn":[548052.0542],"iteration":239,"passed_time":1.067969283,"remaining_time":3.381902728},
{"learn":[547342.0714],"iteration":240,"passed_time":1.072627452,"remaining_time":3.378108864},
{"learn":[546931.5852],"iteration":241,"passed_time":1.076966241,"remaining_time":3.373307484},
{"learn":[546285.2081],"iteration":242,"passed_time":1.081300748,"remaining_time":3.36849657},
{"learn":[545791.546],"iteration":243,"passed_time":1.085624209,"remaining_time":3.363655336},
{"learn":[545046.3452],"iteration":244,"passed_time":1.089991151,"remaining_time":3.358952321},
{"learn":[544460.1093],"iteration":245,"passed_time":1.094348783,"remaining_time":3.354223504},
{"learn":[544112.1014],"iteration":246,"passed_time":1.098785599,"remaining_time":3.349739094},
{"learn":[543940.9471],"iteration":247,"passed_time":1.103126517,"remaining_time":3.344964276},
{"learn":[543652.2061],"iteration":248,"passed_time":1.107934174,"remaining_time":3.341600661},
{"learn":[543198.9179],"iteration":249,"passed_time":1.112957271,"remaining_time":3.338871812},
{"learn":[542522.4549],"iteration":250,"passed_time":1.117272014,"remaining_time":3.334010911},
{"learn":[542192.0797],"iteration":251,"passed_time":1.121546467,"remaining_time":3.329034752},
{"learn":[541971.283],"iteration":252,"passed_time":1.126304837,"remaining_time":3.325492938},
{"learn":[541517.538],"iteration":253,"passed_time":1.130666627,"remaining_time":3.320776785},
{"learn":[541207.3863],"iteration":254,"passed_time":1.135768824,"remaining_time":3.318226564},
{"learn":[540668.0306],"iteration":255,"passed_time":1.140315084,"remaining_time":3.314040713},
{"learn":[540461.0386],"iteration":256,"passed_time":1.14460286,"remaining_time":3.309104768},
{"learn":[540001.2561],"iteration":257,"passed_time":1.149394946,"remaining_time":3.305624226},
{"learn":[539600.2102],"iteration":258,"passed_time":1.154913299,"remaining_time":3.304211408},
{"learn":[539300.5911],"iteration":259,"passed_time":1.159736342,"remaining_time":3.300788051},
{"learn":[539004.6206],"iteration":260,"passed_time":1.164222702,"remaining_time":3.296400677},
{"learn":[538615.8217],"iteration":261,"passed_time":1.168704356,"remaining_time":3.291999292},
{"learn":[538140.5373],"iteration":262,"passed_time":1.173392836,"remaining_time":3.288176882},
{"learn":[537781.0399],"iteration":263,"passed_time":1.177587668,"remaining_time":3.282971681},
{"learn":[536898.941],"iteration":264,"passed_time":1.182826854,"remaining_time":3.280670707},
{"learn":[536569.6639],"iteration":265,"passed_time":1.187537979,"remaining_time":3.276890515},
{"learn":[536161.8675],"iteration":266,"passed_time":1.191721005,"remaining_time":3.271653545},
{"learn":[535440.5093],"iteration":267,"passed_time":1.19637347,"remaining_time":3.267706641},
{"learn":[535159.8908],"iteration":268,"passed_time":1.200662005,"remaining_time":3.262765522},
{"learn":[534255.676],"iteration":269,"passed_time":1.205226551,"remaining_time":3.258575489},
{"learn":[534120.0822],"iteration":270,"passed_time":1.210084541,"remaining_time":3.255172069},
{"learn":[533683.3119],"iteration":271,"passed_time":1.214925559,"remaining_time":3.251712525},
{"learn":[533374.4401],"iteration":272,"passed_time":1.21862345,"remaining_time":3.24519871},
{"learn":[533137.4659],"iteration":273,"passed_time":1.223471585,"remaining_time":3.241753179},
{"learn":[533000.9376],"iteration":274,"passed_time":1.227943699,"remaining_time":3.237306116},
{"learn":[532641.7033],"iteration":275,"passed_time":1.232435803,"remaining_time":3.232911309},
{"learn":[532104.3836],"iteration":276,"passed_time":1.236897084,"remaining_time":3.228435349},
{"learn":[531645.2099],"iteration":277,"passed_time":1.241454975,"remaining_time":3.224210403},
{"learn":[531120.5017],"iteration":278,"passed_time":1.245468572,"remaining_time":3.218576489},
{"learn":[530729.463],"iteration":279,"passed_time":1.250228554,"remaining_time":3.214873425},
{"learn":[530360.9538],"iteration":280,"passed_time":1.254874196,"remaining_time":3.210870274},
{"learn":[529844.8515],"iteration":281,"passed_time":1.259592282,"remaining_time":3.207047017},
{"learn":[529338.6605],"iteration":282,"passed_time":1.264346162,"remaining_time":3.203308121},
{"learn":[529212.205],"iteration":283,"passed_time":1.268840083,"remaining_time":3.198906687},
{"learn":[529003.5303],"iteration":284,"passed_time":1.273271376,"remaining_time":3.194347487},
{"learn":[527968.6887],"iteration":285,"passed_time":1.277816679,"remaining_time":3.190073806},
{"learn":[527530.129],"iteration":286,"passed_time":1.282402192,"remaining_time":3.185898128},
{"learn":[527189.0066],"iteration":287,"passed_time":1.287215917,"remaining_time":3.182283796},
{"learn":[526859.8204],"iteration":288,"passed_time":1.291690122,"remaining_time":3.177825872},
{"learn":[526038.9555],"iteration":289,"passed_time":1.297171026,"remaining_time":3.175832513},
{"learn":[525731.5567],"iteration":290,"passed_time":1.301751866,"remaining_time":3.171622244},
{"learn":[525395.3553],"iteration":291,"passed_time":1.306650388,"remaining_time":3.168179707},
{"learn":[524918.7311],"iteration":292,"passed_time":1.311618179,"remaining_time":3.164894378},
{"learn":[524277.9793],"iteration":293,"passed_time":1.31645935,"remaining_time":3.161293542},
{"learn":[523946.487],"iteration":294,"passed_time":1.321065263,"remaining_time":3.157122068},
{"learn":[523492.2961],"iteration":295,"passed_time":1.325471783,"remaining_time":3.15247343},
{"learn":[523156.9727],"iteration":296,"passed_time":1.329823743,"remaining_time":3.147697278},
{"learn":[522723.9054],"iteration":297,"passed_time":1.334785726,"remaining_time":3.144361005},
{"learn":[522317.3724],"iteration":298,"passed_time":1.339935931,"remaining_time":3.141455143},
{"learn":[521977.2875],"iteration":299,"passed_time":1.344885085,"remaining_time":3.138065197},
{"learn":[521691.5675],"iteration":300,"passed_time":1.349658088,"remaining_time":3.134255825},
{"learn":[521428.6649],"iteration":301,"passed_time":1.353955228,"remaining_time":3.129340229},
{"learn":[520831.817],"iteration":302,"passed_time":1.35824707,"remaining_time":3.124416526},
{"learn":[520401.3491],"iteration":303,"passed_time":1.362824147,"remaining_time":3.120150021},
{"learn":[519647.4137],"iteration":304,"passed_time":1.36781408,"remaining_time":3.116822248},
{"learn":[519478.6079],"iteration":305,"passed_time":1.37204327,"remaining_time":3.111758267},
{"learn":[518577.8202],"iteration":306,"passed_time":1.376702803,"remaining_time":3.107671149},
{"learn":[518114.9915],"iteration":307,"passed_time":1.380972695,"remaining_time":3.102704887},
{"learn":[517953.5701],"iteration":308,"passed_time":1.385272159,"remaining_time":3.097809262},
{"learn":[517683.5768],"iteration":309,"passed_time":1.389875976,"remaining_time":3.093594915},
{"learn":[517385.0229],"iteration":310,"passed_time":1.393783823,"remaining_time":3.087836187},
{"learn":[517129.6757],"iteration":311,"passed_time":1.398536586,"remaining_time":3.083952473},
{"learn":[516661.9869],"iteration":312,"passed_time":1.403540289,"remaining_time":3.08061399},
{"learn":[516400.8642],"iteration":313,"passed_time":1.407422905,"remaining_time":3.074815646},
{"learn":[516154.3121],"iteration":314,"passed_time":1.411881926,"remaining_time":3.070282918},
{"learn":[515848.8745],"iteration":315,"passed_time":1.41691523,"remaining_time":3.066993725},
{"learn":[515412.1331],"iteration":316,"passed_time":1.4216311,"remaining_time":3.063009594},
{"learn":[514678.7574],"iteration":317,"passed_time":1.426511154,"remaining_time":3.059372977},
{"learn":[514531.7232],"iteration":318,"passed_time":1.431169994,"remaining_time":3.05525632},
{"learn":[514096.6161],"iteration":319,"passed_time":1.435469802,"remaining_time":3.050373328},
{"learn":[513829.6755],"iteration":320,"passed_time":1.440231897,"remaining_time":3.046471832},
{"learn":[513506.9394],"iteration":321,"passed_time":1.444497625,"remaining_time":3.041519844},
{"learn":[513260.9322],"iteration":322,"passed_time":1.448276712,"remaining_time":3.035552117},
{"learn":[512599.4762],"iteration":323,"passed_time":1.452582407,"remaining_time":3.030696628},
{"learn":[512266.9719],"iteration":324,"passed_time":1.457416543,"remaining_time":3.026942051},
{"learn":[511915.8942],"iteration":325,"passed_time":1.461672199,"remaining_time":3.021984853},
{"learn":[511338.2835],"iteration":326,"passed_time":1.466036528,"remaining_time":3.017255606},
{"learn":[511068.7202],"iteration":327,"passed_time":1.470017656,"remaining_time":3.011743491},
{"learn":[510414.9182],"iteration":328,"passed_time":1.474370941,"remaining_time":3.006999701},
{"learn":[510060.7773],"iteration":329,"passed_time":1.478323167,"remaining_time":3.001444006},
{"learn":[509640.2604],"iteration":330,"passed_time":1.482223014,"remaining_time":2.995792133},
{"learn":[509304.5331],"iteration":331,"passed_time":1.486383045,"remaining_time":2.99067432},
{"learn":[508953.4723],"iteration":332,"passed_time":1.490239907,"remaining_time":2.984955009},
{"learn":[508160.3437],"iteration":333,"passed_time":1.494327478,"remaining_time":2.979706888},
{"learn":[507884.6246],"iteration":334,"passed_time":1.498865838,"remaining_time":2.975360544},
{"learn":[507414.4142],"iteration":335,"passed_time":1.503142514,"remaining_time":2.97049592},
{"learn":[507163.1995],"iteration":336,"passed_time":1.507290245,"remaining_time":2.965381105},
{"learn":[506871.3171],"iteration":337,"passed_time":1.511187662,"remaining_time":2.959781752},
{"learn":[506546.163],"iteration":338,"passed_time":1.515462335,"remaining_time":2.954928033},
{"learn":[506325.5765],"iteration":339,"passed_time":1.520074194,"remaining_time":2.95073226},
{"learn":[505561.4887],"iteration":340,"passed_time":1.524973901,"remaining_time":2.947090325},
{"learn":[505367.35],"iteration":341,"passed_time":1.529729254,"remaining_time":2.943163301},
{"learn":[504933.5815],"iteration":342,"passed_time":1.534610892,"remaining_time":2.939473341},
{"learn":[504553.1446],"iteration":343,"passed_time":1.538734369,"remaining_time":2.934330656},
{"learn":[504299.9218],"iteration":344,"passed_time":1.542925863,"remaining_time":2.929323015},
{"learn":[504032.9934],"iteration":345,"passed_time":1.547578867,"remaining_time":2.925192425},
{"learn":[503759.2218],"iteration":346,"passed_time":1.551963359,"remaining_time":2.920553525},
{"learn":[503450.7031],"iteration":347,"passed_time":1.556290016,"remaining_time":2.91580773},
{"learn":[503331.3495],"iteration":348,"passed_time":1.560448632,"remaining_time":2.910750887},
{"learn":[502943.9665],"iteration":349,"passed_time":1.56452658,"remaining_time":2.905549362},
{"learn":[502752.9723],"iteration":350,"passed_time":1.569023638,"remaining_time":2.901129176},
{"learn":[502509.4565],"iteration":351,"passed_time":1.573255432,"remaining_time":2.896220228},
{"learn":[502035.1652],"iteration":352,"passed_time":1.577528245,"remaining_time":2.891390297},
{"learn":[501441.383],"iteration":353,"passed_time":1.58245671,"remaining_time":2.887759985},
{"learn":[501173.096],"iteration":354,"passed_time":1.586295274,"remaining_time":2.882142117},
{"learn":[500878.1129],"iteration":355,"passed_time":1.590068592,"remaining_time":2.876416217},
{"learn":[500427.5657],"iteration":356,"passed_time":1.594680215,"remaining_time":2.872211144},
{"learn":[499925.2789],"iteration":357,"passed_time":1.599222837,"remaining_time":2.86788006},
{"learn":[499647.4513],"iteration":358,"passed_time":1.603269389,"remaining_time":2.862662056},
{"learn":[499166.091],"iteration":359,"passed_time":1.607358005,"remaining_time":2.857525342},
{"learn":[498858.1643],"iteration":360,"passed_time":1.611416695,"remaining_time":2.852341463},
{"learn":[498642.9305],"iteration":361,"passed_time":1.615512665,"remaining_time":2.847229503},
{"learn":[498039.5776],"iteration":362,"passed_time":1.619548765,"remaining_time":2.84201808},
{"learn":[497825.8091],"iteration":363,"passed_time":1.623671053,"remaining_time":2.836963708},
{"learn":[497551.855],"iteration":364,"passed_time":1.627353498,"remaining_time":2.831149236},
{"learn":[497210.6113],"iteration":365,"passed_time":1.631333121,"remaining_time":2.825861198},
{"learn":[497007.5157],"iteration":366,"passed_time":1.635480924,"remaining_time":2.820870367},
{"learn":[496650.8549],"iteration":367,"passed_time":1.639442868,"remaining_time":2.815564925},
{"learn":[496312.2434],"iteration":368,"passed_time":1.644086289,"remaining_time":2.811432109},
{"learn":[495979.2139],"iteration":369,"passed_time":1.648390985,"remaining_time":2.806719786},
{"learn":[495683.0814],"iteration":370,"passed_time":1.65252903,"remaining_time":2.801727116},
{"learn":[495520.6724],"iteration":371,"passed_time":1.656969668,"remaining_time":2.79724987},
{"learn":[495336.8812],"iteration":372,"passed_time":1.660902491,"remaining_time":2.791919201},
{"learn":[495165.1989],"iteration":373,"passed_time":1.665267912,"remaining_time":2.787320087},
{"learn":[495019.1691],"iteration":374,"passed_time":1.669513928,"remaining_time":2.782523214},
{"learn":[494836.1035],"iteration":375,"passed_time":1.673495792,"remaining_time":2.77729089},
{"learn":[494352.7367],"iteration":376,"passed_time":1.677335359,"remaining_time":2.77183005},
{"learn":[493847.0927],"iteration":377,"passed_time":1.682272077,"remaining_time":2.768183153},
{"learn":[493485.6553],"iteration":378,"passed_time":1.686269798,"remaining_time":2.762990882},
{"learn":[493208.7686],"iteration":379,"passed_time":1.690251839,"remaining_time":2.757779317},
{"learn":[492922.7205],"iteration":380,"passed_time":1.694356028,"remaining_time":2.752772655},
{"learn":[492541.4299],"iteration":381,"passed_time":1.69841457,"remaining_time":2.74769687},
{"learn":[492192.8656],"iteration":382,"passed_time":1.702424974,"remaining_time":2.742548848},
{"learn":[491920.4402],"iteration":383,"passed_time":1.706580426,"remaining_time":2.737639433},
{"learn":[491267.5495],"iteration":384,"passed_time":1.711157785,"remaining_time":2.73340789},
{"learn":[491006.0726],"iteration":385,"passed_time":1.715398647,"remaining_time":2.728639299},
{"learn":[490720.302],"iteration":386,"passed_time":1.719314558,"remaining_time":2.723358719},
{"learn":[490473.7508],"iteration":387,"passed_time":1.723310835,"remaining_time":2.718211936},
{"learn":[490014.2894],"iteration":388,"passed_time":1.727695432,"remaining_time":2.713681},
{"learn":[489616.3813],"iteration":389,"passed_time":1.732219859,"remaining_time":2.709369523},
{"learn":[489303.3366],"iteration":390,"passed_time":1.736519849,"remaining_time":2.704707387},
{"learn":[488895.2193],"iteration":391,"passed_time":1.741097121,"remaining_time":2.700477168},
{"learn":[488765.502],"iteration":392,"passed_time":1.746660147,"remaining_time":2.697767707},
{"learn":[488489.279],"iteration":393,"passed_time":1.750816351,"remaining_time":2.692879971},
{"learn":[488011.3702],"iteration":394,"passed_time":1.754447577,"remaining_time":2.687191858},
{"learn":[487545.6043],"iteration":395,"passed_time":1.758018182,"remaining_time":2.681421671},
{"learn":[487375.5314],"iteration":396,"passed_time":1.761562994,"remaining_time":2.675623389},
{"learn":[486931.9012],"iteration":397,"passed_time":1.765682179,"remaining_time":2.670705205},
{"learn":[486605.7137],"iteration":398,"passed_time":1.769847342,"remaining_time":2.665860282},
{"learn":[486352.7983],"iteration":399,"passed_time":1.774518282,"remaining_time":2.661777423},
{"learn":[486264.5251],"iteration":400,"passed_time":1.779380786,"remaining_time":2.657977783},
{"learn":[485566.9963],"iteration":401,"passed_time":1.784277659,"remaining_time":2.65422398},
{"learn":[485294.3155],"iteration":402,"passed_time":1.788316111,"remaining_time":2.64919285},
{"learn":[485064.317],"iteration":403,"passed_time":1.795261443,"remaining_time":2.648455},
{"learn":[484696.1108],"iteration":404,"passed_time":1.800146707,"remaining_time":2.644659978},
{"learn":[484480.5902],"iteration":405,"passed_time":1.80477701,"remaining_time":2.640486561},
{"learn":[484267.4661],"iteration":406,"passed_time":1.809134505,"remaining_time":2.635913418},
{"learn":[484011.4834],"iteration":407,"passed_time":1.813583857,"remaining_time":2.631474616},
{"learn":[483673.9466],"iteration":408,"passed_time":1.817656569,"remaining_time":2.626491521},
{"learn":[483355.8919],"iteration":409,"passed_time":1.821988883,"remaining_time":2.621886441},
{"learn":[483054.5413],"iteration":410,"passed_time":1.827101983,"remaining_time":2.618401625},
{"learn":[482873.3984],"iteration":411,"passed_time":1.831218735,"remaining_time":2.613486932},
{"learn":[482547.7115],"iteration":412,"passed_time":1.834970468,"remaining_time":2.608057299},
{"learn":[482154.8867],"iteration":413,"passed_time":1.838768616,"remaining_time":2.602701471},
{"learn":[481945.2186],"iteration":414,"passed_time":1.842492896,"remaining_time":2.597249023},
{"learn":[481451.0671],"iteration":415,"passed_time":1.846761,"remaining_time":2.592568327},
{"learn":[481161.3861],"iteration":416,"passed_time":1.851067157,"remaining_time":2.587942812},
{"learn":[480974.7781],"iteration":417,"passed_time":1.855133142,"remaining_time":2.582984423},
{"learn":[480649.6736],"iteration":418,"passed_time":1.859221708,"remaining_time":2.578061604},
{"learn":[480411.8785],"iteration":419,"passed_time":1.863142897,"remaining_time":2.57291162},
{"learn":[480136.7304],"iteration":420,"passed_time":1.867583144,"remaining_time":2.568481331},
{"learn":[479863.8654],"iteration":421,"passed_time":1.871773156,"remaining_time":2.563708256},
{"learn":[479500.1309],"iteration":422,"passed_time":1.876234621,"remaining_time":2.559308219},
{"learn":[479282.0844],"iteration":423,"passed_time":1.880509963,"remaining_time":2.554655044},
{"learn":[478860.0143],"iteration":424,"passed_time":1.88439367,"remaining_time":2.549473788},
{"learn":[478485.0015],"iteration":425,"passed_time":1.889060859,"remaining_time":2.545354303},
{"learn":[478321.4506],"iteration":426,"passed_time":1.893922856,"remaining_time":2.541493669},
{"learn":[478011.6818],"iteration":427,"passed_time":1.89865224,"remaining_time":2.537451124},
{"learn":[477730.5788],"iteration":428,"passed_time":1.903818365,"remaining_time":2.533986681},
{"learn":[477165.3108],"iteration":429,"passed_time":1.909218101,"remaining_time":2.530823994},
{"learn":[476930.4159],"iteration":430,"passed_time":1.913440996,"remaining_time":2.526097278},
{"learn":[476558.6968],"iteration":431,"passed_time":1.918170186,"remaining_time":2.522038578},
{"learn":[476226.4162],"iteration":432,"passed_time":1.923320891,"remaining_time":2.518528741},
{"learn":[475996.6022],"iteration":433,"passed_time":1.928297706,"remaining_time":2.514784566},
{"learn":[475498.106],"iteration":434,"passed_time":1.932580733,"remaining_time":2.510133596},
{"learn":[475333.5619],"iteration":435,"passed_time":1.936579223,"remaining_time":2.505116243},
{"learn":[475172.4258],"iteration":436,"passed_time":1.940575598,"remaining_time":2.500100828},
{"learn":[474901.281],"iteration":437,"passed_time":1.944573353,"remaining_time":2.495091837},
{"learn":[474697.1975],"iteration":438,"passed_time":1.949251038,"remaining_time":2.490956338},
{"learn":[474314.2193],"iteration":439,"passed_time":1.953635615,"remaining_time":2.486445328},
{"learn":[474016.1062],"iteration":440,"passed_time":1.958194831,"remaining_time":2.48215626},
{"learn":[473848.0264],"iteration":441,"passed_time":1.962622826,"remaining_time":2.477700309},
{"learn":[473488.6339],"iteration":442,"passed_time":1.966962643,"remaining_time":2.473133617},
{"learn":[473227.3235],"iteration":443,"passed_time":1.971108922,"remaining_time":2.468325587},
{"learn":[472885.6382],"iteration":444,"passed_time":1.975282219,"remaining_time":2.463554228},
{"learn":[472627.6273],"iteration":445,"passed_time":1.979515395,"remaining_time":2.45885993},
{"learn":[472247.2425],"iteration":446,"passed_time":1.98379137,"remaining_time":2.454220643},
{"learn":[471930.0115],"iteration":447,"passed_time":1.987725677,"remaining_time":2.449161994},
{"learn":[471546.5658],"iteration":448,"passed_time":1.991426969,"remaining_time":2.443822405},
{"learn":[471167.1703],"iteration":449,"passed_time":1.995329673,"remaining_time":2.438736267},
{"learn":[470944.3734],"iteration":450,"passed_time":1.999802513,"remaining_time":2.4343494},
{"learn":[470610.9327],"iteration":451,"passed_time":2.005186882,"remaining_time":2.431067281},
{"learn":[470384.9182],"iteration":452,"passed_time":2.010210157,"remaining_time":2.427339859},
{"learn":[470233.8056],"iteration":453,"passed_time":2.014617079,"remaining_time":2.422865474},
{"learn":[469940.6709],"iteration":454,"passed_time":2.018892129,"remaining_time":2.418233429},
{"learn":[469575.115],"iteration":455,"passed_time":2.023513503,"remaining_time":2.414016109},
{"learn":[469370.2592],"iteration":456,"passed_time":2.027781849,"remaining_time":2.409377558},
{"learn":[469166.357],"iteration":457,"passed_time":2.032140563,"remaining_time":2.404847566},
{"learn":[468932.8216],"iteration":458,"passed_time":2.035826996,"remaining_time":2.399525936},
{"learn":[468744.4915],"iteration":459,"passed_time":2.039608948,"remaining_time":2.394323548},
{"learn":[468585.3839],"iteration":460,"passed_time":2.043412938,"remaining_time":2.389153088},
{"learn":[468256.023],"iteration":461,"passed_time":2.047965958,"remaining_time":2.384860791},
{"learn":[467834.8659],"iteration":462,"passed_time":2.051903462,"remaining_time":2.379853475},
{"learn":[467528.385],"iteration":463,"passed_time":2.055892715,"remaining_time":2.374910551},
{"learn":[467405.3719],"iteration":464,"passed_time":2.059749325,"remaining_time":2.369819116},
{"learn":[467211.0756],"iteration":465,"passed_time":2.064208853,"remaining_time":2.365423879},
{"learn":[466989.2839],"iteration":466,"passed_time":2.068076508,"remaining_time":2.360352845},
{"learn":[466800.2989],"iteration":467,"passed_time":2.071826261,"remaining_time":2.355152929},
{"learn":[466582.6879],"iteration":468,"passed_time":2.07584639,"remaining_time":2.350265316},
{"learn":[466332.6133],"iteration":469,"passed_time":2.080311019,"remaining_time":2.345882639},
{"learn":[466056.8753],"iteration":470,"passed_time":2.083910387,"remaining_time":2.340527802},
{"learn":[465981.5494],"iteration":471,"passed_time":2.087661542,"remaining_time":2.335350199},
{"learn":[465788.1775],"iteration":472,"passed_time":2.091928503,"remaining_time":2.330753322},
{"learn":[465546.1908],"iteration":473,"passed_time":2.09640216,"remaining_time":2.326387207},
{"learn":[465320.2513],"iteration":474,"passed_time":2.101179476,"remaining_time":2.322356263},
{"learn":[464790.2227],"iteration":475,"passed_time":2.105687478,"remaining_time":2.318025711},
{"learn":[464711.8409],"iteration":476,"passed_time":2.109900577,"remaining_time":2.313371072},
{"learn":[464421.8187],"iteration":477,"passed_time":2.114304802,"remaining_time":2.308927001},
{"learn":[464138.0685],"iteration":478,"passed_time":2.118530086,"remaining_time":2.304288465},
{"learn":[463765.366],"iteration":479,"passed_time":2.122620654,"remaining_time":2.299505708},
{"learn":[463663.4117],"iteration":480,"passed_time":2.126256693,"remaining_time":2.294235392},
{"learn":[463257.8694],"iteration":481,"passed_time":2.13053584,"remaining_time":2.289662998},
{"learn":[462957.2569],"iteration":482,"passed_time":2.134413845,"remaining_time":2.284662439},
{"learn":[462728.7236],"iteration":483,"passed_time":2.138885574,"remaining_time":2.280299496},
{"learn":[462372.4148],"iteration":484,"passed_time":2.143065408,"remaining_time":2.275626155},
{"learn":[461933.8499],"iteration":485,"passed_time":2.14768838,"remaining_time":2.271423513},
{"learn":[461833.1076],"iteration":486,"passed_time":2.151559027,"remaining_time":2.266426655},
{"learn":[461440.1821],"iteration":487,"passed_time":2.15562139,"remaining_time":2.261635556},
{"learn":[461222.5935],"iteration":488,"passed_time":2.159665613,"remaining_time":2.256828483},
{"learn":[461008.3952],"iteration":489,"passed_time":2.163950165,"remaining_time":2.252274662},
{"learn":[460897.5332],"iteration":490,"passed_time":2.167691933,"remaining_time":2.247159255},
{"learn":[460632.9379],"iteration":491,"passed_time":2.171850314,"remaining_time":2.242479593},
{"learn":[460470.1691],"iteration":492,"passed_time":2.175747809,"remaining_time":2.23753375},
{"learn":[460128.1802],"iteration":493,"passed_time":2.179896216,"remaining_time":2.23284916},
{"learn":[459514.7681],"iteration":494,"passed_time":2.18380155,"remaining_time":2.227918753},
{"learn":[459320.3974],"iteration":495,"passed_time":2.188121847,"remaining_time":2.223414134},
{"learn":[458785.6002],"iteration":496,"passed_time":2.192230506,"remaining_time":2.218696065},
{"learn":[458498.853],"iteration":497,"passed_time":2.196635814,"remaining_time":2.214279475},
{"learn":[458320.524],"iteration":498,"passed_time":2.200884091,"remaining_time":2.20970527},
{"learn":[458085.3356],"iteration":499,"passed_time":2.204647979,"remaining_time":2.204647979},
{"learn":[457883.537],"iteration":500,"passed_time":2.209335812,"remaining_time":2.200516108},
{"learn":[457556.2492],"iteration":501,"passed_time":2.213877013,"remaining_time":2.196236558},
{"learn":[457411.8506],"iteration":502,"passed_time":2.21797614,"remaining_time":2.191519168},
{"learn":[457063.9095],"iteration":503,"passed_time":2.222275777,"remaining_time":2.187001558},
{"learn":[456920.4401],"iteration":504,"passed_time":2.226486894,"remaining_time":2.182398045},
{"learn":[456736.9637],"iteration":505,"passed_time":2.23084216,"remaining_time":2.177936812},
{"learn":[456326.6607],"iteration":506,"passed_time":2.235143867,"remaining_time":2.173423918},
{"learn":[455965.275],"iteration":507,"passed_time":2.239509878,"remaining_time":2.168974134},
{"learn":[455684.3554],"iteration":508,"passed_time":2.24368424,"remaining_time":2.164339808},
{"learn":[455434.6022],"iteration":509,"passed_time":2.248231367,"remaining_time":2.160065431},
{"learn":[455132.2758],"iteration":510,"passed_time":2.252161734,"remaining_time":2.15519978},
{"learn":[455024.9315],"iteration":511,"passed_time":2.256300039,"remaining_time":2.150535975},
{"learn":[454816.5788],"iteration":512,"passed_time":2.260542199,"remaining_time":2.145972809},
{"learn":[454626.9156],"iteration":513,"passed_time":2.264388582,"remaining_time":2.141036675},
{"learn":[454448.5757],"iteration":514,"passed_time":2.269108326,"remaining_time":2.136927258},
{"learn":[453890.1405],"iteration":515,"passed_time":2.273908847,"remaining_time":2.132891244},
{"learn":[453788.7502],"iteration":516,"passed_time":2.279155643,"remaining_time":2.129269198},
{"learn":[453662.8628],"iteration":517,"passed_time":2.284385764,"remaining_time":2.125625364},
{"learn":[453449.4635],"iteration":518,"passed_time":2.289131159,"remaining_time":2.12152618},
{"learn":[453169.1591],"iteration":519,"passed_time":2.293326577,"remaining_time":2.11691684},
{"learn":[452873.792],"iteration":520,"passed_time":2.297543931,"remaining_time":2.112329257},
{"learn":[452608.1055],"iteration":521,"passed_time":2.301297642,"remaining_time":2.107318531},
{"learn":[452377.2075],"iteration":522,"passed_time":2.306178416,"remaining_time":2.103340544},
{"learn":[452086.5318],"iteration":523,"passed_time":2.312150512,"remaining_time":2.100350465},
{"learn":[451722.6637],"iteration":524,"passed_time":2.31830056,"remaining_time":2.09751003},
{"learn":[451625.6327],"iteration":525,"passed_time":2.323339332,"remaining_time":2.093655595},
{"learn":[451507.3432],"iteration":526,"passed_time":2.327861675,"remaining_time":2.089333154},
{"learn":[451347.9389],"iteration":527,"passed_time":2.333344491,"remaining_time":2.085868561},
{"learn":[451201.0891],"iteration":528,"passed_time":2.338140396,"remaining_time":2.081784738},
{"learn":[450982.53],"iteration":529,"passed_time":2.342361427,"remaining_time":2.077188435},
{"learn":[450957.1312],"iteration":530,"passed_time":2.347706956,"remaining_time":2.073586747},
{"learn":[450781.7755],"iteration":531,"passed_time":2.352492099,"remaining_time":2.06948553},
{"learn":[450423.6702],"iteration":532,"passed_time":2.357283613,"remaining_time":2.065387331},
{"learn":[450282.4878],"iteration":533,"passed_time":2.361818136,"remaining_time":2.061062269},
{"learn":[450013.8368],"iteration":534,"passed_time":2.366611997,"remaining_time":2.056961829},
{"learn":[449768.4228],"iteration":535,"passed_time":2.371093985,"remaining_time":2.052588823},
{"learn":[449269.532],"iteration":536,"passed_time":2.37566462,"remaining_time":2.048291842},
{"learn":[448932.7477],"iteration":537,"passed_time":2.380853491,"remaining_time":2.044524745},
{"learn":[448708.2184],"iteration":538,"passed_time":2.385700879,"remaining_time":2.040460307},
{"learn":[448531.7811],"iteration":539,"passed_time":2.390918071,"remaining_time":2.036707986},
{"learn":[448340.8132],"iteration":540,"passed_time":2.396704648,"remaining_time":2.033433333},
{"learn":[448022.1925],"iteration":541,"passed_time":2.401073966,"remaining_time":2.028951801},
{"learn":[447774.04],"iteration":542,"passed_time":2.406599399,"remaining_time":2.025443693},
{"learn":[447415.8756],"iteration":543,"passed_time":2.411547989,"remaining_time":2.021444638},
{"learn":[447248.5121],"iteration":544,"passed_time":2.415836656,"remaining_time":2.016891153},
{"learn":[446800.5791],"iteration":545,"passed_time":2.420223014,"remaining_time":2.012419869},
{"learn":[446653.6608],"iteration":546,"passed_time":2.425529365,"remaining_time":2.00871079},
{"learn":[446420.3665],"iteration":547,"passed_time":2.430336772,"remaining_time":2.004584345},
{"learn":[446193.2231],"iteration":548,"passed_time":2.435094857,"remaining_time":2.000414901},
{"learn":[446058.7326],"iteration":549,"passed_time":2.440134348,"remaining_time":1.996473557},
{"learn":[445719.9619],"iteration":550,"passed_time":2.444928279,"remaining_time":1.992328126},
{"learn":[445592.4358],"iteration":551,"passed_time":2.449200679,"remaining_time":1.987757072},
{"learn":[445211.053],"iteration":552,"passed_time":2.453774842,"remaining_time":1.983431021},
{"learn":[444922.8499],"iteration":553,"passed_time":2.458455111,"remaining_time":1.979189494},
{"learn":[444792.2166],"iteration":554,"passed_time":2.463006261,"remaining_time":1.974842858},
{"learn":[444696.7815],"iteration":555,"passed_time":2.467924002,"remaining_time":1.970788232},
{"learn":[444243.4684],"iteration":556,"passed_time":2.472648492,"remaining_time":1.966576808},
{"learn":[443976.1613],"iteration":557,"passed_time":2.477409011,"remaining_time":1.962392084},
{"learn":[443729.14],"iteration":558,"passed_time":2.482547942,"remaining_time":1.958503832},
{"learn":[443587.5948],"iteration":559,"passed_time":2.487041829,"remaining_time":1.954104294},
{"learn":[443457.0953],"iteration":560,"passed_time":2.492806224,"remaining_time":1.950698631},
{"learn":[442981.089],"iteration":561,"passed_time":2.498364483,"remaining_time":1.947123921},
{"learn":[442889.7056],"iteration":562,"passed_time":2.50491348,"remaining_time":1.944311174},
{"learn":[442481.464],"iteration":563,"passed_time":2.512294412,"remaining_time":1.942128305},
{"learn":[442443.4288],"iteration":564,"passed_time":2.518207338,"remaining_time":1.9387968},
{"learn":[442322.0988],"iteration":565,"passed_time":2.524252633,"remaining_time":1.935557673},
{"learn":[442084.6368],"iteration":566,"passed_time":2.529678135,"remaining_time":1.931835331},
{"learn":[441895.4116],"iteration":567,"passed_time":2.534852041,"remaining_time":1.927915636},
{"learn":[441620.8668],"iteration":568,"passed_time":2.539847728,"remaining_time":1.923856539},
{"learn":[441337.2834],"iteration":569,"passed_time":2.544950218,"remaining_time":1.919874726},
{"learn":[441046.0309],"iteration":570,"passed_time":2.551020519,"remaining_time":1.916616117},
{"learn":[440758.5193],"iteration":571,"passed_time":2.555972894,"remaining_time":1.912511187},
{"learn":[440595.4944],"iteration":572,"passed_time":2.56177784,"remaining_time":1.909038634},
{"learn":[440334.1284],"iteration":573,"passed_time":2.567223348,"remaining_time":1.905291195},
{"learn":[440130.1012],"iteration":574,"passed_time":2.572025333,"remaining_time":1.901062203},
{"learn":[440011.8031],"iteration":575,"passed_time":2.580295719,"remaining_time":1.899384349},
{"learn":[439928.8511],"iteration":576,"passed_time":2.585121774,"remaining_time":1.895158597},
{"learn":[439766.701],"iteration":577,"passed_time":2.591292528,"remaining_time":1.891912538},
{"learn":[439533.4001],"iteration":578,"passed_time":2.598007312,"remaining_time":1.889051949},
{"learn":[439252.0365],"iteration":579,"passed_time":2.606174095,"remaining_time":1.887229517},
{"learn":[438909.7632],"iteration":580,"passed_time":2.615087138,"remaining_time":1.885923427},
{"learn":[438688.9425],"iteration":581,"passed_time":2.622910914,"remaining_time":1.883808869},
{"learn":[438518.9178],"iteration":582,"passed_time":2.628319641,"remaining_time":1.879947325},
{"learn":[438405.381],"iteration":583,"passed_time":2.634540833,"remaining_time":1.876659224},
{"learn":[438168.5741],"iteration":584,"passed_time":2.639229954,"remaining_time":1.872274241},
{"learn":[437975.9263],"iteration":585,"passed_time":2.643834745,"remaining_time":1.867828642},
{"learn":[437781.3127],"iteration":586,"passed_time":2.649674627,"remaining_time":1.864251484},
{"learn":[437684.0452],"iteration":587,"passed_time":2.656070732,"remaining_time":1.861056363},
{"learn":[437617.309],"iteration":588,"passed_time":2.66165072,"remaining_time":1.857280893},
{"learn":[437154.6454],"iteration":589,"passed_time":2.666548473,"remaining_time":1.85302521},
{"learn":[436919.8315],"iteration":590,"passed_time":2.671107203,"remaining_time":1.848532734},
{"learn":[436786.4069],"iteration":591,"passed_time":2.676377531,"remaining_time":1.844530461},
{"learn":[436678.6079],"iteration":592,"passed_time":2.680739351,"remaining_time":1.839900364},
{"learn":[436171.1948],"iteration":593,"passed_time":2.685646502,"remaining_time":1.835643905},
{"learn":[435881.4842],"iteration":594,"passed_time":2.690312173,"remaining_time":1.831220891},
{"learn":[435504.3887],"iteration":595,"passed_time":2.695563756,"remaining_time":1.827194224},
{"learn":[435469.0094],"iteration":596,"passed_time":2.700782089,"remaining_time":1.823141008},
{"learn":[435255.0722],"iteration":597,"passed_time":2.70527339,"remaining_time":1.818595155},
{"learn":[435046.596],"iteration":598,"passed_time":2.709666409,"remaining_time":1.813983689},
{"learn":[434803.411],"iteration":599,"passed_time":2.714819068,"remaining_time":1.809879379},
{"learn":[434740.1266],"iteration":600,"passed_time":2.720581265,"remaining_time":1.806176247},
{"learn":[434557.6236],"iteration":601,"passed_time":2.726702512,"remaining_time":1.802703654},
{"learn":[434316.892],"iteration":602,"passed_time":2.733132345,"remaining_time":1.799425441},
{"learn":[434152.0324],"iteration":603,"passed_time":2.738830523,"remaining_time":1.795657098},
{"learn":[434070.9414],"iteration":604,"passed_time":2.743744654,"remaining_time":1.791370477},
{"learn":[433772.1692],"iteration":605,"passed_time":2.748719035,"remaining_time":1.787120957},
{"learn":[433638.3587],"iteration":606,"passed_time":2.75257035,"remaining_time":1.782141923},
{"learn":[433504.4487],"iteration":607,"passed_time":2.75763421,"remaining_time":1.777948372},
{"learn":[433194.7264],"iteration":608,"passed_time":2.762480172,"remaining_time":1.773612065},
{"learn":[432931.4245],"iteration":609,"passed_time":2.767173777,"remaining_time":1.769176677},
{"learn":[432673.5319],"iteration":610,"passed_time":2.77147878,"remaining_time":1.764493036},
{"learn":[432453.8878],"iteration":611,"passed_time":2.776117192,"remaining_time":1.760022011},
{"learn":[432328.3729],"iteration":612,"passed_time":2.780244461,"remaining_time":1.755227743},
{"learn":[432200.9259],"iteration":613,"passed_time":2.784954545,"remaining_time":1.750802043},
{"learn":[431946.4379],"iteration":614,"passed_time":2.789985496,"remaining_time":1.746576286},
{"learn":[431775.061],"iteration":615,"passed_time":2.79529095,"remaining_time":1.742519034},
{"learn":[431471.8479],"iteration":616,"passed_time":2.800068954,"remaining_time":1.738130323},
{"learn":[431060.7988],"iteration":617,"passed_time":2.804608142,"remaining_time":1.733592735},
{"learn":[430884.3589],"iteration":618,"passed_time":2.809972428,"remaining_time":1.729562997},
{"learn":[430845.9132],"iteration":619,"passed_time":2.815133338,"remaining_time":1.725404304},
{"learn":[430663.2015],"iteration":620,"passed_time":2.820227154,"remaining_time":1.721201435},
{"learn":[430542.2889],"iteration":621,"passed_time":2.825140771,"remaining_time":1.716886192},
{"learn":[430143.4534],"iteration":622,"passed_time":2.829130502,"remaining_time":1.71200995},
{"learn":[429752.7273],"iteration":623,"passed_time":2.8338397,"remaining_time":1.707570076},
{"learn":[429606.0895],"iteration":624,"passed_time":2.838751648,"remaining_time":1.703250989},
{"learn":[429400.7134],"iteration":625,"passed_time":2.843415171,"remaining_time":1.698781588},
{"learn":[429252.6547],"iteration":626,"passed_time":2.847334163,"remaining_time":1.693868649},
{"learn":[428985.8375],"iteration":627,"passed_time":2.85136213,"remaining_time":1.689023427},
{"learn":[428541.7723],"iteration":628,"passed_time":2.855710435,"remaining_time":1.684369748},
{"learn":[428281.9073],"iteration":629,"passed_time":2.860098927,"remaining_time":1.67974064},
{"learn":[428166.9277],"iteration":630,"passed_time":2.865082292,"remaining_time":1.675460168},
{"learn":[427847.5179],"iteration":631,"passed_time":2.869834856,"remaining_time":1.671043081},
{"learn":[427687.5512],"iteration":632,"passed_time":2.874037979,"remaining_time":1.66630638},
{"learn":[427418.044],"iteration":633,"passed_time":2.878415845,"remaining_time":1.661672239},
{"learn":[427292.6438],"iteration":634,"passed_time":2.88205182,"remaining_time":1.656612463},
{"learn":[427145.0733],"iteration":635,"passed_time":2.886539031,"remaining_time":1.652044351},
{"learn":[427026.5409],"iteration":636,"passed_time":2.890044498,"remaining_time":1.646917037},
{"learn":[426999.1482],"iteration":637,"passed_time":2.894502918,"remaining_time":1.642335512},
{"learn":[426753.8165],"iteration":638,"passed_time":2.898817921,"remaining_time":1.637673348},
{"learn":[426283.1349],"iteration":639,"passed_time":2.903999052,"remaining_time":1.633499467},
{"learn":[426198.8596],"iteration":640,"passed_time":2.908089503,"remaining_time":1.628711594},
{"learn":[425842.0473],"iteration":641,"passed_time":2.913630933,"remaining_time":1.624735006},
{"learn":[425762.9986],"iteration":642,"passed_time":2.918465426,"remaining_time":1.620361053},
{"learn":[425363.7538],"iteration":643,"passed_time":2.92369817,"remaining_time":1.61620582},
{"learn":[424984.6992],"iteration":644,"passed_time":2.928119981,"remaining_time":1.61160092},
{"learn":[424754.8624],"iteration":645,"passed_time":2.933364971,"remaining_time":1.607447678},
{"learn":[424506.2398],"iteration":646,"passed_time":2.937784057,"remaining_time":1.602840451},
{"learn":[424299.7257],"iteration":647,"passed_time":2.942311406,"remaining_time":1.598292615},
{"learn":[424096.8412],"iteration":648,"passed_time":2.946550159,"remaining_time":1.593588761},
{"learn":[423834.805],"iteration":649,"passed_time":2.950553303,"remaining_time":1.588759471},
{"learn":[423660.2156],"iteration":650,"passed_time":2.954624018,"remaining_time":1.583968943},
{"learn":[423535.0766],"iteration":651,"passed_time":2.958720107,"remaining_time":1.579194168},
{"learn":[423330.2177],"iteration":652,"passed_time":2.962916986,"remaining_time":1.574475029},
{"learn":[423300.9893],"iteration":653,"passed_time":2.966694001,"remaining_time":1.569535358},
{"learn":[423102.3628],"iteration":654,"passed_time":2.970739235,"remaining_time":1.564740513},
{"learn":[423074.2106],"iteration":655,"passed_time":2.97498793,"remaining_time":1.560054646},
{"learn":[422977.5343],"iteration":656,"passed_time":2.980180036,"remaining_time":1.555862637},
{"learn":[422811.5558],"iteration":657,"passed_time":2.984554189,"remaining_time":1.551242451},
{"learn":[422723.6518],"iteration":658,"passed_time":2.988597189,"remaining_time":1.546451656},
{"learn":[422603.6776],"iteration":659,"passed_time":2.993680504,"remaining_time":1.542199048},
{"learn":[422494.9016],"iteration":660,"passed_time":2.99819833,"remaining_time":1.537653909},
{"learn":[422287.023],"iteration":661,"passed_time":3.00238347,"remaining_time":1.532938992},
{"learn":[422010.2177],"iteration":662,"passed_time":3.006320719,"remaining_time":1.528099672},
{"learn":[421778.7246],"iteration":663,"passed_time":3.010965471,"remaining_time":1.523621082},
{"learn":[421428.1339],"iteration":664,"passed_time":3.015782971,"remaining_time":1.519229015},
{"learn":[421355.6175],"iteration":665,"passed_time":3.020099159,"remaining_time":1.514584263},
{"learn":[421255.9612],"iteration":666,"passed_time":3.024747216,"remaining_time":1.510106181},
{"learn":[421122.1864],"iteration":667,"passed_time":3.029299142,"remaining_time":1.505579813},
{"learn":[420950.9866],"iteration":668,"passed_time":3.03391452,"remaining_time":1.501084763},
{"learn":[420777.7916],"iteration":669,"passed_time":3.038048925,"remaining_time":1.496352456},
{"learn":[420614.5042],"iteration":670,"passed_time":3.042299501,"remaining_time":1.491678891},
{"learn":[420481.9322],"iteration":671,"passed_time":3.046865863,"remaining_time":1.487160719},
{"learn":[420270.3408],"iteration":672,"passed_time":3.050948067,"remaining_time":1.482407159},
{"learn":[420104.4329],"iteration":673,"passed_time":3.055756126,"remaining_time":1.478006672},
{"learn":[419721.4122],"iteration":674,"passed_time":3.060555406,"remaining_time":1.473600751},
{"learn":[419539.9769],"iteration":675,"passed_time":3.065144787,"remaining_time":1.469093064},
{"learn":[419431.9425],"iteration":676,"passed_time":3.069067919,"remaining_time":1.464267264},
{"learn":[419240.9681],"iteration":677,"passed_time":3.0733134,"remaining_time":1.459597219},
{"learn":[419039.1686],"iteration":678,"passed_time":3.07736744,"remaining_time":1.454837921},
{"learn":[418909.4242],"iteration":679,"passed_time":3.082682475,"remaining_time":1.450674106},
{"learn":[418702.4088],"iteration":680,"passed_time":3.087053859,"remaining_time":1.446064877},
{"learn":[418482.5271],"iteration":681,"passed_time":3.092503074,"remaining_time":1.441958911},
{"learn":[418350.6122],"iteration":682,"passed_time":3.097387665,"remaining_time":1.437586955},
{"learn":[418266.8009],"iteration":683,"passed_time":3.101801355,"remaining_time":1.432995948},
{"learn":[418128.7621],"iteration":684,"passed_time":3.105977728,"remaining_time":1.428296327},
{"learn":[417927.9661],"iteration":685,"passed_time":3.11058554,"remaining_time":1.423795714},
{"learn":[417858.5432],"iteration":686,"passed_time":3.114742519,"remaining_time":1.419089386},
{"learn":[417790.4707],"iteration":687,"passed_time":3.11871635,"remaining_time":1.414301601},
{"learn":[417427.7892],"iteration":688,"passed_time":3.122981495,"remaining_time":1.409647671},
{"learn":[417040.5246],"iteration":689,"passed_time":3.126903623,"remaining_time":1.404840758},
{"learn":[416751.0882],"iteration":690,"passed_time":3.130852245,"remaining_time":1.400048254},
{"learn":[416399.2089],"iteration":691,"passed_time":3.134990386,"remaining_time":1.395342542},
{"learn":[416163.0565],"iteration":692,"passed_time":3.139205314,"remaining_time":1.390672484},
{"learn":[416004.8361],"iteration":693,"passed_time":3.143433408,"remaining_time":1.386009543},
{"learn":[415708.0705],"iteration":694,"passed_time":3.147260635,"remaining_time":1.381171933},
{"learn":[415536.9151],"iteration":695,"passed_time":3.151854318,"remaining_time":1.376672001},
{"learn":[415306.6074],"iteration":696,"passed_time":3.156673398,"remaining_time":1.372269784},
{"learn":[415193.1605],"iteration":697,"passed_time":3.160780054,"remaining_time":1.367558132},
{"learn":[414897.5756],"iteration":698,"passed_time":3.165176233,"remaining_time":1.362972884},
{"learn":[414627.2873],"iteration":699,"passed_time":3.169183308,"remaining_time":1.358221418},
{"learn":[414453.6524],"iteration":700,"passed_time":3.173645239,"remaining_time":1.353666086},
{"learn":[414327.982],"iteration":701,"passed_time":3.177449738,"remaining_time":1.34883194},
{"learn":[414279.9728],"iteration":702,"passed_time":3.180903433,"remaining_time":1.343852517},
{"learn":[414077.7592],"iteration":703,"passed_time":3.184979771,"remaining_time":1.339139222},
{"learn":[413922.654],"iteration":704,"passed_time":3.189612675,"remaining_time":1.334660623},
{"learn":[413807.3086],"iteration":705,"passed_time":3.193205455,"remaining_time":1.329748447},
{"learn":[413648.2094],"iteration":706,"passed_time":3.197442952,"remaining_time":1.325107192},
{"learn":[413403.773],"iteration":707,"passed_time":3.202155616,"remaining_time":1.320663051},
{"learn":[413215.9651],"iteration":708,"passed_time":3.206502529,"remaining_time":1.316068034},
{"learn":[413048.3832],"iteration":709,"passed_time":3.210401971,"remaining_time":1.311290946},
{"learn":[412935.9134],"iteration":710,"passed_time":3.214103612,"remaining_time":1.306435927},
{"learn":[412709.8209],"iteration":711,"passed_time":3.218082479,"remaining_time":1.301696284},
{"learn":[412522.3763],"iteration":712,"passed_time":3.221870122,"remaining_time":1.296881802},
{"learn":[412372.8137],"iteration":713,"passed_time":3.225957073,"remaining_time":1.292190088},
{"learn":[412228.0273],"iteration":714,"passed_time":3.229997502,"remaining_time":1.287481522},
{"learn":[412005.7793],"iteration":715,"passed_time":3.233898368,"remaining_time":1.282719464},
{"learn":[411814.845],"iteration":716,"passed_time":3.238125318,"remaining_time":1.278088515},
{"learn":[411682.1722],"iteration":717,"passed_time":3.242038732,"remaining_time":1.273335547},
{"learn":[411517.9892],"iteration":718,"passed_time":3.246564712,"remaining_time":1.268824317},
{"learn":[411269.1196],"iteration":719,"passed_time":3.250458511,"remaining_time":1.264067199},
{"learn":[411130.54],"iteration":720,"passed_time":3.25429823,"remaining_time":1.259291548},
{"learn":[411070.3512],"iteration":721,"passed_time":3.2587643,"remaining_time":1.254759661},
{"learn":[410901.0585],"iteration":722,"passed_time":3.263080591,"remaining_time":1.250170572},
{"learn":[410748.8551],"iteration":723,"passed_time":3.267241121,"remaining_time":1.245522858},
{"learn":[410649.387],"iteration":724,"passed_time":3.270976547,"remaining_time":1.240715242},
{"learn":[410445.2551],"iteration":725,"passed_time":3.275130876,"remaining_time":1.236068678},
{"learn":[410149.6834],"iteration":726,"passed_time":3.279141244,"remaining_time":1.231369408},
{"learn":[409873.0491],"iteration":727,"passed_time":3.283165134,"remaining_time":1.226677083},
{"learn":[409741.4001],"iteration":728,"passed_time":3.287351992,"remaining_time":1.222047174},
{"learn":[409429.2894],"iteration":729,"passed_time":3.291672718,"remaining_time":1.217467992},
{"learn":[409238.217],"iteration":730,"passed_time":3.295623792,"remaining_time":1.212753488},
{"learn":[408911.4368],"iteration":731,"passed_time":3.299785672,"remaining_time":1.208118251},
{"learn":[408770.375],"iteration":732,"passed_time":3.303765787,"remaining_time":1.203418097},
{"learn":[408490.1046],"iteration":733,"passed_time":3.307835252,"remaining_time":1.198752285},
{"learn":[408290.7461],"iteration":734,"passed_time":3.311831792,"remaining_time":1.194061802},
{"learn":[408185.6125],"iteration":735,"passed_time":3.315760342,"remaining_time":1.189348818},
{"learn":[408132.9222],"iteration":736,"passed_time":3.320133795,"remaining_time":1.184796727},
{"learn":[407603.3969],"iteration":737,"passed_time":3.324026955,"remaining_time":1.18007461},
{"learn":[407368.476],"iteration":738,"passed_time":3.328211967,"remaining_time":1.175457812},
{"learn":[407179.8961],"iteration":739,"passed_time":3.332212846,"remaining_time":1.170777486},
{"learn":[406927.5042],"iteration":740,"passed_time":3.336241729,"remaining_time":1.166108783},
{"learn":[406756.7614],"iteration":741,"passed_time":3.339677634,"remaining_time":1.16123562},
{"learn":[406578.8676],"iteration":742,"passed_time":3.343910648,"remaining_time":1.156642041},
{"learn":[406308.9151],"iteration":743,"passed_time":3.348331706,"remaining_time":1.152114135},
{"learn":[406065.706],"iteration":744,"passed_time":3.35277425,"remaining_time":1.147593871},
{"learn":[405836.343],"iteration":745,"passed_time":3.356488166,"remaining_time":1.142825729},
{"learn":[405733.3247],"iteration":746,"passed_time":3.360392336,"remaining_time":1.138124847},
{"learn":[405535.597],"iteration":747,"passed_time":3.364342576,"remaining_time":1.133441617},
{"learn":[405374.2717],"iteration":748,"passed_time":3.368631478,"remaining_time":1.128873833},
{"learn":[405209.151],"iteration":749,"passed_time":3.372860755,"remaining_time":1.124286918},
{"learn":[405042.6834],"iteration":750,"passed_time":3.376950522,"remaining_time":1.1196547},
{"learn":[404938.1384],"iteration":751,"passed_time":3.380976429,"remaining_time":1.115002865},
{"learn":[404811.701],"iteration":752,"passed_time":3.385128761,"remaining_time":1.110394162},
{"learn":[404631.2465],"iteration":753,"passed_time":3.390008821,"remaining_time":1.106024098},
{"learn":[404514.2645],"iteration":754,"passed_time":3.394867746,"remaining_time":1.101645825},
{"learn":[404365.7292],"iteration":755,"passed_time":3.398962048,"remaining_time":1.097019497},
{"learn":[404287.3614],"iteration":756,"passed_time":3.403214445,"remaining_time":1.092445324},
{"learn":[404079.4141],"iteration":757,"passed_time":3.407376864,"remaining_time":1.087843273},
{"learn":[403865.2196],"iteration":758,"passed_time":3.411322251,"remaining_time":1.083173468},
{"learn":[403762.8713],"iteration":759,"passed_time":3.415759151,"remaining_time":1.078660785},
{"learn":[403581.4246],"iteration":760,"passed_time":3.419850264,"remaining_time":1.074039702},
{"learn":[403292.9958],"iteration":761,"passed_time":3.42420968,"remaining_time":1.069503811},
{"learn":[403135.3773],"iteration":762,"passed_time":3.428317388,"remaining_time":1.064890198},
{"learn":[402990.0257],"iteration":763,"passed_time":3.432308052,"remaining_time":1.060241754},
{"learn":[402745.5892],"iteration":764,"passed_time":3.436689126,"remaining_time":1.05571496},
{"learn":[402671.2649],"iteration":765,"passed_time":3.44051342,"remaining_time":1.05101846},
{"learn":[402577.3795],"iteration":766,"passed_time":3.444577563,"remaining_time":1.046397095},
{"learn":[402421.4311],"iteration":767,"passed_time":3.448494844,"remaining_time":1.041732817},
{"learn":[402119.3624],"iteration":768,"passed_time":3.452416964,"remaining_time":1.037071936},
{"learn":[401705.9129],"iteration":769,"passed_time":3.456718725,"remaining_time":1.032526372},
{"learn":[401549.7412],"iteration":770,"passed_time":3.460828294,"remaining_time":1.027924357},
{"learn":[401325.986],"iteration":771,"passed_time":3.46481076,"remaining_time":1.023286079},
{"learn":[401036.7497],"iteration":772,"passed_time":3.468674518,"remaining_time":1.018614639},
{"learn":[400916.8693],"iteration":773,"passed_time":3.472592437,"remaining_time":1.013961099},
{"learn":[400768.1788],"iteration":774,"passed_time":3.476767053,"remaining_time":1.009383983},
{"learn":[400686.6522],"iteration":775,"passed_time":3.480653411,"remaining_time":1.004724696},
{"learn":[400469.6152],"iteration":776,"passed_time":3.48501781,"remaining_time":1.000204597},
{"learn":[400426.4846],"iteration":777,"passed_time":3.489292969,"remaining_time":0.9956594334},
{"learn":[400251.1219],"iteration":778,"passed_time":3.493408767,"remaining_time":0.9910697528},
{"learn":[400209.9381],"iteration":779,"passed_time":3.497694253,"remaining_time":0.9865291482},
{"learn":[400011.2832],"iteration":780,"passed_time":3.502000067,"remaining_time":0.9819948971},
{"learn":[399840.1549],"iteration":781,"passed_time":3.506333301,"remaining_time":0.9774688743},
{"learn":[399509.6581],"iteration":782,"passed_time":3.510970969,"remaining_time":0.9730277142},
{"learn":[399410.6361],"iteration":783,"passed_time":3.514957632,"remaining_time":0.9684066945},
{"learn":[399184.8057],"iteration":784,"passed_time":3.519252456,"remaining_time":0.9638716918},
{"learn":[398992.4952],"iteration":785,"passed_time":3.52312565,"remaining_time":0.9592225051},
{"learn":[398639.9606],"iteration":786,"passed_time":3.527146061,"remaining_time":0.9546151346},
{"learn":[398354.3215],"iteration":787,"passed_time":3.531488252,"remaining_time":0.9500958241},
{"learn":[398125.9505],"iteration":788,"passed_time":3.535449773,"remaining_time":0.945475161},
{"learn":[397890.21],"iteration":789,"passed_time":3.539743961,"remaining_time":0.9409445972},
{"learn":[397668.9841],"iteration":790,"passed_time":3.543588248,"remaining_time":0.936295757},
{"learn":[397432.3363],"iteration":791,"passed_time":3.548245237,"remaining_time":0.9318623854},
{"learn":[397307.1257],"iteration":792,"passed_time":3.552447061,"remaining_time":0.9273096364},
{"learn":[397047.2025],"iteration":793,"passed_time":3.556769734,"remaining_time":0.9227891248},
{"learn":[396875.784],"iteration":794,"passed_time":3.560951753,"remaining_time":0.918232842},
{"learn":[396797.584],"iteration":795,"passed_time":3.564987926,"remaining_time":0.9136401216},
{"learn":[396556.1137],"iteration":796,"passed_time":3.568791767,"remaining_time":0.9089896219},
{"learn":[396472.7283],"iteration":797,"passed_time":3.572825545,"remaining_time":0.9043994487},
{"learn":[396231.7892],"iteration":798,"passed_time":3.576780284,"remaining_time":0.8997907849},
{"learn":[396034.6111],"iteration":799,"passed_time":3.580617169,"remaining_time":0.8951542922},
{"learn":[395880.9818],"iteration":800,"passed_time":3.584583599,"remaining_time":0.8905519804},
{"learn":[395601.5668],"iteration":801,"passed_time":3.58842669,"remaining_time":0.8859208039},
{"learn":[395411.7409],"iteration":802,"passed_time":3.592671838,"remaining_time":0.8813902266},
{"learn":[395325.8234],"iteration":803,"passed_time":3.596481461,"remaining_time":0.8767541871},
{"learn":[395288.3704],"iteration":804,"passed_time":3.600302234,"remaining_time":0.8721229015},
{"learn":[395040.0653],"iteration":805,"passed_time":3.604616065,"remaining_time":0.8676123036},
{"learn":[394850.4268],"iteration":806,"passed_time":3.608329217,"remaining_time":0.8629585364},
{"learn":[394732.3333],"iteration":807,"passed_time":3.612270927,"remaining_time":0.8583614083},
{"learn":[394478.4998],"iteration":808,"passed_time":3.616366124,"remaining_time":0.8538021381},
{"learn":[394359.1383],"iteration":809,"passed_time":3.620026795,"remaining_time":0.8491420878},
{"learn":[394154.4218],"iteration":810,"passed_time":3.623870081,"remaining_time":0.8445270595},
{"learn":[393979.8868],"iteration":811,"passed_time":3.627727491,"remaining_time":0.8399172024},
{"learn":[393909.75],"iteration":812,"passed_time":3.632311456,"remaining_time":0.8354763128},
{"learn":[393838.9381],"iteration":813,"passed_time":3.636339209,"remaining_time":0.8309079765},
{"learn":[393661.8328],"iteration":814,"passed_time":3.640804898,"remaining_time":0.8264403756},
{"learn":[393436.6806],"iteration":815,"passed_time":3.644568706,"remaining_time":0.821814512},
{"learn":[393108.2944],"iteration":816,"passed_time":3.648675337,"remaining_time":0.817267548},
{"learn":[392894.724],"iteration":817,"passed_time":3.652957135,"remaining_time":0.812760634},
{"learn":[392849.1512],"iteration":818,"passed_time":3.656910226,"remaining_time":0.808181625},
{"learn":[392796.5504],"iteration":819,"passed_time":3.661054753,"remaining_time":0.8036461653},
{"learn":[392552.0912],"iteration":820,"passed_time":3.665056599,"remaining_time":0.7990805496},
{"learn":[392409.7638],"iteration":821,"passed_time":3.668694249,"remaining_time":0.7944374408},
{"learn":[392193.8165],"iteration":822,"passed_time":3.672575045,"remaining_time":0.7898490679},
{"learn":[392074.2208],"iteration":823,"passed_time":3.677110235,"remaining_time":0.7854021861},
{"learn":[392009.3065],"iteration":824,"passed_time":3.681205183,"remaining_time":0.7808617054},
{"learn":[391894.5032],"iteration":825,"passed_time":3.685054438,"remaining_time":0.7762705475},
{"learn":[391708.0218],"iteration":826,"passed_time":3.689083745,"remaining_time":0.7717188487},
{"learn":[391600.2184],"iteration":827,"passed_time":3.693190676,"remaining_time":0.7671845366},
{"learn":[391379.1265],"iteration":828,"passed_time":3.69732445,"remaining_time":0.7626567924},
{"learn":[391232.8891],"iteration":829,"passed_time":3.701732605,"remaining_time":0.7581861962},
{"learn":[391027.6668],"iteration":830,"passed_time":3.706404935,"remaining_time":0.7537694753},
{"learn":[390764.7768],"iteration":831,"passed_time":3.710617178,"remaining_time":0.7492592379},
{"learn":[390575.5082],"iteration":832,"passed_time":3.715036859,"remaining_time":0.744791303},
{"learn":[390393.1613],"iteration":833,"passed_time":3.719670008,"remaining_time":0.7403659728},
{"learn":[390292.6153],"iteration":834,"passed_time":3.723704341,"remaining_time":0.735821816},
{"learn":[390070.9313],"iteration":835,"passed_time":3.727935758,"remaining_time":0.7313175411},
{"learn":[389970.1795],"iteration":836,"passed_time":3.732117347,"remaining_time":0.7268042146},
{"learn":[389866.7251],"iteration":837,"passed_time":3.736401988,"remaining_time":0.7223116016},
{"learn":[389710.1185],"iteration":838,"passed_time":3.73993561,"remaining_time":0.7176753673},
{"learn":[389527.9546],"iteration":839,"passed_time":3.743821931,"remaining_time":0.7131089393},
{"learn":[389319.1782],"iteration":840,"passed_time":3.748168202,"remaining_time":0.7086310869},
{"learn":[389186.5729],"iteration":841,"passed_time":3.752576469,"remaining_time":0.7041651806},
{"learn":[389056.9327],"iteration":842,"passed_time":3.756731956,"remaining_time":0.6996523334},
{"learn":[388854.3251],"iteration":843,"passed_time":3.762075041,"remaining_time":0.6953598417},
{"learn":[388782.5165],"iteration":844,"passed_time":3.767452345,"remaining_time":0.6910711402},
{"learn":[388620.5443],"iteration":845,"passed_time":3.772638758,"remaining_time":0.6867451166},
{"learn":[388431.0466],"iteration":846,"passed_time":3.777411358,"remaining_time":0.6823423115},
{"learn":[388290.0082],"iteration":847,"passed_time":3.781396427,"remaining_time":0.6777974727},
{"learn":[388037.2977],"iteration":848,"passed_time":3.785688566,"remaining_time":0.673308567},
{"learn":[387921.5656],"iteration":849,"passed_time":3.790539722,"remaining_time":0.6689187745},
{"learn":[387851.3421],"iteration":850,"passed_time":3.795457544,"remaining_time":0.6645395701},
{"learn":[387749.2137],"iteration":851,"passed_time":3.800555875,"remaining_time":0.6601904571},
{"learn":[387657.8137],"iteration":852,"passed_time":3.805316184,"remaining_time":0.6557813354},
{"learn":[387580.696],"iteration":853,"passed_time":3.809461823,"remaining_time":0.651266307},
{"learn":[387392.5088],"iteration":854,"passed_time":3.813595464,"remaining_time":0.6467501079},
{"learn":[387181.8013],"iteration":855,"passed_time":3.817962919,"remaining_time":0.6422741359},
{"learn":[387001.3514],"iteration":856,"passed_time":3.821843625,"remaining_time":0.6377171977},
{"learn":[386840.4044],"iteration":857,"passed_time":3.826342082,"remaining_time":0.6332640742},
{"learn":[386646.885],"iteration":858,"passed_time":3.83056512,"remaining_time":0.6287656368},
{"learn":[386512.8152],"iteration":859,"passed_time":3.834509703,"remaining_time":0.6242225098},
{"learn":[386308.932],"iteration":860,"passed_time":3.839889416,"remaining_time":0.6199124608},
{"learn":[386178.3225],"iteration":861,"passed_time":3.844955323,"remaining_time":0.6155496922},
{"learn":[386019.9945],"iteration":862,"passed_time":3.84987834,"remaining_time":0.6111626102},
{"learn":[385844.5724],"iteration":863,"passed_time":3.853968441,"remaining_time":0.6066431806},
{"learn":[385725.1351],"iteration":864,"passed_time":3.857984708,"remaining_time":0.6021132203},
{"learn":[385569.1474],"iteration":865,"passed_time":3.862362099,"remaining_time":0.5976403248},
{"learn":[385471.3269],"iteration":866,"passed_time":3.866275743,"remaining_time":0.5930965097},
{"learn":[385305.6068],"iteration":867,"passed_time":3.870317435,"remaining_time":0.5885736191},
{"learn":[385167.691],"iteration":868,"passed_time":3.874142317,"remaining_time":0.5840191526},
{"learn":[385030.4344],"iteration":869,"passed_time":3.879113095,"remaining_time":0.579637589},
{"learn":[384855.781],"iteration":870,"passed_time":3.884104568,"remaining_time":0.5752577373},
{"learn":[384762.5987],"iteration":871,"passed_time":3.888968235,"remaining_time":0.5708577226},
{"learn":[384526.1274],"iteration":872,"passed_time":3.894194771,"remaining_time":0.5665094341},
{"learn":[384475.4798],"iteration":873,"passed_time":3.8986342,"remaining_time":0.5620456627},
{"learn":[384336.4008],"iteration":874,"passed_time":3.904472454,"remaining_time":0.5577817791},
{"learn":[384152.4067],"iteration":875,"passed_time":3.909207445,"remaining_time":0.5533581314},
{"learn":[384063.7057],"iteration":876,"passed_time":3.913480885,"remaining_time":0.5488690409},
{"learn":[383907.5177],"iteration":877,"passed_time":3.918003082,"remaining_time":0.5444150069},
{"learn":[383612.8027],"iteration":878,"passed_time":3.921972352,"remaining_time":0.5398847037},
{"learn":[383458.5157],"iteration":879,"passed_time":3.926461648,"remaining_time":0.5354265884},
{"learn":[383294.4828],"iteration":880,"passed_time":3.930621497,"remaining_time":0.5309239025},
{"learn":[383155.4912],"iteration":881,"passed_time":3.934939559,"remaining_time":0.5264431609},
{"learn":[383011.6659],"iteration":882,"passed_time":3.93898884,"remaining_time":0.5219271735},
{"learn":[382821.8635],"iteration":883,"passed_time":3.943794278,"remaining_time":0.5175114663},
{"learn":[382638.9419],"iteration":884,"passed_time":3.948459419,"remaining_time":0.5130766476},
{"learn":[382616.9525],"iteration":885,"passed_time":3.953112873,"remaining_time":0.5086398053},
{"learn":[382583.2421],"iteration":886,"passed_time":3.957886017,"remaining_time":0.5042177225},
{"learn":[382430.3713],"iteration":887,"passed_time":3.961951928,"remaining_time":0.4997056486},
{"learn":[382323.3239],"iteration":888,"passed_time":3.966347817,"remaining_time":0.4952357791},
{"learn":[382240.33],"iteration":889,"passed_time":3.970378959,"remaining_time":0.490720995},
{"learn":[382132.0996],"iteration":890,"passed_time":3.974870435,"remaining_time":0.486263611},
{"learn":[381994.3283],"iteration":891,"passed_time":3.97966309,"remaining_time":0.4818426162},
{"learn":[381760.984],"iteration":892,"passed_time":3.983953355,"remaining_time":0.4773605924},
{"learn":[381696.1011],"iteration":893,"passed_time":3.988592705,"remaining_time":0.4729203878},
{"learn":[381511.537],"iteration":894,"passed_time":3.99286861,"remaining_time":0.4684370995},
{"learn":[381366.8964],"iteration":895,"passed_time":3.997282566,"remaining_time":0.4639702978},
{"learn":[381192.5084],"iteration":896,"passed_time":4.001927674,"remaining_time":0.4595301565},
{"learn":[381088.6365],"iteration":897,"passed_time":4.006185479,"remaining_time":0.4550455667},
{"learn":[380934.8621],"iteration":898,"passed_time":4.010604754,"remaining_time":0.450579622},
{"learn":[380592.264],"iteration":899,"passed_time":4.015345565,"remaining_time":0.4461495072},
{"learn":[380456.6754],"iteration":900,"passed_time":4.01975515,"remaining_time":0.4416823084},
{"learn":[380302.9859],"iteration":901,"passed_time":4.023597446,"remaining_time":0.4371536028},
{"learn":[380162.6035],"iteration":902,"passed_time":4.02778727,"remaining_time":0.4326637489},
{"learn":[380024.3792],"iteration":903,"passed_time":4.03191236,"remaining_time":0.4281676842},
{"learn":[379894.325],"iteration":904,"passed_time":4.036093182,"remaining_time":0.4236782898},
{"learn":[379749.6151],"iteration":905,"passed_time":4.040288724,"remaining_time":0.4191911038},
{"learn":[379557.8413],"iteration":906,"passed_time":4.044692669,"remaining_time":0.4147259297},
{"learn":[379263.9658],"iteration":907,"passed_time":4.049473501,"remaining_time":0.4102990772},
{"learn":[379183.5498],"iteration":908,"passed_time":4.053999887,"remaining_time":0.4058459733},
{"learn":[379096.1229],"iteration":909,"passed_time":4.057936138,"remaining_time":0.4013343434},
{"learn":[378817.6966],"iteration":910,"passed_time":4.062579754,"remaining_time":0.3968930824},
{"learn":[378526.8757],"iteration":911,"passed_time":4.067199602,"remaining_time":0.3924490844},
{"learn":[378326.0988],"iteration":912,"passed_time":4.071705242,"remaining_time":0.3879938183},
{"learn":[378218.3529],"iteration":913,"passed_time":4.076004134,"remaining_time":0.3835189885},
{"learn":[378066.0117],"iteration":914,"passed_time":4.080363941,"remaining_time":0.3790502021},
{"learn":[377921.9658],"iteration":915,"passed_time":4.084692595,"remaining_time":0.374578797},
{"learn":[377764.4672],"iteration":916,"passed_time":4.088387522,"remaining_time":0.3700503427},
{"learn":[377669.9409],"iteration":917,"passed_time":4.092271954,"remaining_time":0.3655406321},
{"learn":[377502.5864],"iteration":918,"passed_time":4.096955003,"remaining_time":0.3611026717},
{"learn":[377443.6731],"iteration":919,"passed_time":4.101737347,"remaining_time":0.3566728128},
{"learn":[377328.2748],"iteration":920,"passed_time":4.106102145,"remaining_time":0.3522063729},
{"learn":[377127.9747],"iteration":921,"passed_time":4.110759276,"remaining_time":0.3477648845},
{"learn":[377042.3708],"iteration":922,"passed_time":4.114522344,"remaining_time":0.3432483429},
{"learn":[376889.8219],"iteration":923,"passed_time":4.118470545,"remaining_time":0.3387486596},
{"learn":[376829.6086],"iteration":924,"passed_time":4.122517126,"remaining_time":0.3342581453},
{"learn":[376677.0121],"iteration":925,"passed_time":4.127083305,"remaining_time":0.3298101129},
{"learn":[376567.7134],"iteration":926,"passed_time":4.132066764,"remaining_time":0.3253946859},
{"learn":[376478.5205],"iteration":927,"passed_time":4.136907837,"remaining_time":0.3209669873},
{"learn":[376341.0969],"iteration":928,"passed_time":4.141320842,"remaining_time":0.3165056833},
{"learn":[376241.1748],"iteration":929,"passed_time":4.146533185,"remaining_time":0.3121046483},
{"learn":[376086.5635],"iteration":930,"passed_time":4.150899552,"remaining_time":0.3076391719},
{"learn":[376015.9215],"iteration":931,"passed_time":4.155689391,"remaining_time":0.3032048053},
{"learn":[375874.658],"iteration":932,"passed_time":4.16045005,"remaining_time":0.2987675813},
{"learn":[375757.468],"iteration":933,"passed_time":4.165184361,"remaining_time":0.2943278028},
{"learn":[375549.5022],"iteration":934,"passed_time":4.169404445,"remaining_time":0.2898516459},
{"learn":[375390.1279],"iteration":935,"passed_time":4.17293943,"remaining_time":0.2853291918},
{"learn":[375313.4217],"iteration":936,"passed_time":4.176747617,"remaining_time":0.2808272144},
{"learn":[375034.5966],"iteration":937,"passed_time":4.180751622,"remaining_time":0.2763396595},
{"learn":[374891.7364],"iteration":938,"passed_time":4.184832204,"remaining_time":0.2718581091},
{"learn":[374632.2416],"iteration":939,"passed_time":4.18871552,"remaining_time":0.2673648204},
{"learn":[374558.4453],"iteration":940,"passed_time":4.1928402,"remaining_time":0.2628879615},
{"learn":[374473.0624],"iteration":941,"passed_time":4.196429078,"remaining_time":0.2583788605},
{"learn":[374384.3303],"iteration":942,"passed_time":4.200786904,"remaining_time":0.2539181904},
{"learn":[374156.6755],"iteration":943,"passed_time":4.204897348,"remaining_time":0.249443063},
{"learn":[374001.9113],"iteration":944,"passed_time":4.208768937,"remaining_time":0.2449548058},
{"learn":[373854.4764],"iteration":945,"passed_time":4.213358713,"remaining_time":0.2405088483},
{"learn":[373724.1473],"iteration":946,"passed_time":4.217335219,"remaining_time":0.2360282646},
{"learn":[373525.7641],"iteration":947,"passed_time":4.221787991,"remaining_time":0.2315748687},
{"learn":[373439.8424],"iteration":948,"passed_time":4.22638868,"remaining_time":0.2271294233},
{"learn":[373208.9004],"iteration":949,"passed_time":4.231001416,"remaining_time":0.222684285},
{"learn":[373118.8793],"iteration":950,"passed_time":4.235302077,"remaining_time":0.2182227148},
{"learn":[373046.5787],"iteration":951,"passed_time":4.239859363,"remaining_time":0.2137744217},
{"learn":[372915.2091],"iteration":952,"passed_time":4.243922091,"remaining_time":0.2093015092},
{"learn":[372734.844],"iteration":953,"passed_time":4.248512064,"remaining_time":0.2048548794},
{"learn":[372518.5786],"iteration":954,"passed_time":4.253087206,"remaining_time":0.2004072505},
{"learn":[372437.3972],"iteration":955,"passed_time":4.257009606,"remaining_time":0.1959293124},
{"learn":[372281.5124],"iteration":956,"passed_time":4.261092709,"remaining_time":0.191459756},
{"learn":[372121.5531],"iteration":957,"passed_time":4.264989844,"remaining_time":0.1869828533},
{"learn":[371992.0353],"iteration":958,"passed_time":4.269387137,"remaining_time":0.1825285429},
{"learn":[371859.364],"iteration":959,"passed_time":4.273669201,"remaining_time":0.17806955},
{"learn":[371718.9283],"iteration":960,"passed_time":4.277750612,"remaining_time":0.1736027824},
{"learn":[371567.7154],"iteration":961,"passed_time":4.282056972,"remaining_time":0.1691457016},
{"learn":[371413.5313],"iteration":962,"passed_time":4.286771067,"remaining_time":0.1647045997},
{"learn":[371325.3351],"iteration":963,"passed_time":4.291624048,"remaining_time":0.160268118},
{"learn":[371139.6703],"iteration":964,"passed_time":4.296215323,"remaining_time":0.1558212811},
{"learn":[370982.0191],"iteration":965,"passed_time":4.300511698,"remaining_time":0.1513637658},
{"learn":[370884.7039],"iteration":966,"passed_time":4.304809153,"remaining_time":0.1469066205},
{"learn":[370833.5476],"iteration":967,"passed_time":4.309085311,"remaining_time":0.1424491012},
{"learn":[370787.8123],"iteration":968,"passed_time":4.313226792,"remaining_time":0.1379876476},
{"learn":[370620.6219],"iteration":969,"passed_time":4.317494586,"remaining_time":0.1335307604},
{"learn":[370441.2443],"iteration":970,"passed_time":4.322132897,"remaining_time":0.1290853285},
{"learn":[370323.7028],"iteration":971,"passed_time":4.326083276,"remaining_time":0.1246196829},
{"learn":[370202.8676],"iteration":972,"passed_time":4.330187699,"remaining_time":0.1201593709},
{"learn":[369920.7693],"iteration":973,"passed_time":4.334048333,"remaining_time":0.115693282},
{"learn":[369779.6266],"iteration":974,"passed_time":4.338498797,"remaining_time":0.1112435589},
{"learn":[369527.4359],"iteration":975,"passed_time":4.343175778,"remaining_time":0.1067994044},
{"learn":[369428.7408],"iteration":976,"passed_time":4.348079868,"remaining_time":0.1023601197},
{"learn":[369180.0553],"iteration":977,"passed_time":4.352120851,"remaining_time":0.09790046905},
{"learn":[368989.044],"iteration":978,"passed_time":4.356426995,"remaining_time":0.0934473615},
{"learn":[368863.3953],"iteration":979,"passed_time":4.36053708,"remaining_time":0.08899055265},
{"learn":[368636.4921],"iteration":980,"passed_time":4.364998753,"remaining_time":0.08454126024},
{"learn":[368446.4036],"iteration":981,"passed_time":4.369230979,"remaining_time":0.08008773689},
{"learn":[368361.2431],"iteration":982,"passed_time":4.373432221,"remaining_time":0.07563412793},
{"learn":[368264.8183],"iteration":983,"passed_time":4.378084725,"remaining_time":0.0711883695},
{"learn":[368039.0279],"iteration":984,"passed_time":4.383476169,"remaining_time":0.0667534442},
{"learn":[367842.7339],"iteration":985,"passed_time":4.388889861,"remaining_time":0.06231689457},
{"learn":[367674.6037],"iteration":986,"passed_time":4.393637307,"remaining_time":0.05786958966},
{"learn":[367516.7175],"iteration":987,"passed_time":4.397702832,"remaining_time":0.05341339472},
{"learn":[367345.186],"iteration":988,"passed_time":4.401332601,"remaining_time":0.04895314319},
{"learn":[366890.8965],"iteration":989,"passed_time":4.405317201,"remaining_time":0.04449815355},
{"learn":[366682.225],"iteration":990,"passed_time":4.409779951,"remaining_time":0.04004845566},
{"learn":[366564.8125],"iteration":991,"passed_time":4.413793746,"remaining_time":0.03559511085},
{"learn":[366477.5548],"iteration":992,"passed_time":4.418552849,"remaining_time":0.03114790528},
{"learn":[366330.9689],"iteration":993,"passed_time":4.422722194,"remaining_time":0.02669651223},
{"learn":[366151.4157],"iteration":994,"passed_time":4.427377151,"remaining_time":0.02224812639},
{"learn":[366009.5448],"iteration":995,"passed_time":4.432596961,"remaining_time":0.01780159422},
{"learn":[365788.3807],"iteration":996,"passed_time":4.437211994,"remaining_time":0.01335169105},
{"learn":[365564.4204],"iteration":997,"passed_time":4.441925795,"remaining_time":0.008901654899},
{"learn":[365422.7013],"iteration":998,"passed_time":4.446246622,"remaining_time":0.00445069732},
{"learn":[365398.9663],"iteration":999,"passed_time":4.450625184,"remaining_time":0}
]}